분류,제목,날짜_월,날짜_일
건설교통,스쿨존 불법오토바이,11,30
건설교통,건설행정과 직원들의 불합리한 단속을 신고합니다,11,29
건설교통,동명동 인도공사인가 주차장공사인가,11,29
건설교통,동명동 인도공사인가 주차장공사인가,11,29
건설교통,동명동 인도주차 위험,11,28
기타,지적재조사 건축과 불법건축담당은 답변을 달면 문자 바랍니다,11,28
기타,청장님과 비서실장에게 얘기한 것입니다,11,28
보건복지,친절하고 자상한 보건소 방문보건계 직원,11,27
건설교통,학교앞 무허가하우스,11,27
건설교통,동명동 보도블럭 불법 주차,11,27
도시건축,충장로 가 상가지역 화분,11,27
건설교통,지원동주민센터옆 공사 인도길막음 해결해주세오,11,27
건설교통,동명동 부리나치킨삼거리신호등신설요망,11,27
도시건축,건축과 이현승님,11,27
건설교통,조대후문 일방통행로 위험합니다,11,26
건설교통,공사로인해 인도보행 불가합니다,11,26
건설교통,동명로 도로에 관하여,11,26
건설교통,충장로가 엔터빌딩 맞은편 건물내 공사,11,26
건설교통,증심사길 블라드 교체 딱 한 군데만 빼놓은 이유를 알고 싶습니다,11,26
기타,음식조리사,11,26
보건복지,조건유예근로능력재판정중,11,26
보건복지,조건유예근로능력재판정중,11,26
도시건축,전신주 단자함 열림,11,26
도시건축,급질의,11,25
도시건축,건축과 철거관련과 조수연 주무관님 칭찬합니다,11,25
건설교통,동명동 인도 공사,11,25
기타,내집앞주차지역표시,11,25
미담사례,청년체육과 이수일계장님 정호엽 주무관님 감사합니다,11,25
미담사례,칭찬합니다,11,24
건설교통,조대후문 살레시오여고 앞 너무 위험합니다,11,24
건설교통,보안등고장입니다,11,23
건설교통,주정차위반단속을 경찰로 이관바랍니다,11,23
기타,건축과 이현승님께 요청합니다 ,11,23
보건복지,제 글 비밀번호가 바꼈네요,11,23
건설교통,소태동 태광시프드앞 주차정비 요망,11,23
보건복지,충장축제방역,11,23
도시건축,불법 건축물 신고같은 내용 번째 몇번 신고하면 처리하나요,11,23
보건복지,조건유예근로능력재판정중,11,22
환경청소,개념없는 애완견 주인 배변 방법없을까요,11,22
건설교통,살레오시오여고 옆 일방통행로 불법주정차,11,22
기타,충장축제 해도해도 너무하네요,11,21
건설교통,보안등 고장,11,21
건설교통,동명동 인도공사 주차장,11,21
건설교통,동명동 거리 인도 설치 후 주차 문제,11,21
도시건축,아파트 층 상가 편의점 앞 불법적으로 테이블의자천막을 처놓고 영업을 하고있습니다 보행자가 안전하게 통행 할수있게 제발 불법적치물 수거 해가주세요,11,20
건설교통,살레시오여고 옆 오토바이 소음,11,20
환경청소,푸른길 잡상인,11,20
기타,어찌 연락이 없으시네요,11,20
도시건축,가설문철거,11,20
건설교통,가로등 고장이요,11,19
보건복지,식당인지 주차장인지,11,19
건설교통,조대후문 살레시오여고 일방통행로 위험합니다,11,19
도시건축,계림교회 십자가 빛 공해가 너무 심합니다,11,19
도시건축,재개발 진행 요청건,11,18
기타,도시텃밭 분양 신청은 언제 받나요,11,18
건설교통,주차장문제,11,18
보건복지,노인일자리정다운교육,11,18
건설교통,조대후문 살레시오여고 옆 위험합니다,11,18
도시건축,주차장 영업,11,18
기타,맨홀뚜껑덜컹거림,11,18
기타,가로등 고장요,11,17
건설교통,퇴근시간때 월남동쪽 순환입구 교통정리 해주세요,11,17
건설교통,지산동 조대후문 오토바이 매우 위험합니다,11,17
기타,지산동 원룸근처 개짖는 소리로 인한 소음,11,17
건설교통,지산동 조대후문 오토바이들 너무 위험합니다,11,17
환경청소,돌출간판이 위험 합니다,11,17
도시건축,감사지적 이행사항 확인요망,11,16
환경청소,지산동정류장일대 모기떼피해,11,16
도시건축,가구 다차량 주차에 따른 수익,11,16
도시건축,주차장,11,16
기타,행단보도 입구 바닥 보수좀 해주세용,11,16
건설교통,삼총사 부동산과 해드림 부동산 이면도로 황색 주차선,11,16
도시건축,주변 건물 리모델링 시 소음 및 분진 문제 계도 요청 건,11,16
건설교통,동명동통 통공용주차장마련 시급,11,16
환경청소,지산동 로타리사거리 깔따구,11,15
보건복지,담당 공무원의 잘못된 안내로 인한 행정 오류 시정 요,11,15
건설교통,당 아파트 정문 교통섬 안전시설물 설치 요망,11,15
건설교통,동명동 거리 주차민원,11,15
건설교통,동명동 카페거리 도로정비공사 목적,11,14
도시건축,건축과 이현승님께 요청합니다,11,14
환경청소,소음,11,13
환경청소,산책로의 물고임,11,12
환경청소,선교동 쓰레기방치,11,12
도시건축,프랑카드 불법,11,11
건설교통,인도 없는 도로변 출구,11,11
도시건축,불법건축물 의심,11,11
도시건축,정확한 판단을 요청합니다,11,11
건설교통,예술의거리 주차장과단속에관한,11,10
건설교통,산수동 재개발,11,10
건설교통,어린이보호구역내 주정차,11,10
건설교통,주정차 단속,11,10
미담사례,오래도록보고싶은사람,11,10
건설교통,월남동호반차 와이미트앞 주차건,11,10
건설교통,보도블럭 공사 왜 합니까 주차를 더 안전하게 하기 위해서,11,9
도시건축,리모델링중 도로변 출입구 적법여부,11,9
도시건축,프랑카드 불법유무 ,11,9
건설교통,인도 침범한 공사가설 가림막,11,9
기타,자가격리생활지원금,11,9
기타,동구 유치원 부족합니다 ,11,9
기타,건축과 이현승님 하나 더요,11,9
기타,건축과 이현승님 답변이 너무 느리네요,11,9
건설교통,남광주시장 천변우로 차선 주차차량때문에 사고날뻔했습니다,11,9
환경청소,소음,11,8
건설교통,보안등 수리,11,8
건설교통,택시 정거장 재단장 요청 ,11,8
건설교통,정말 지칩니다 불법주정차,11,8
건설교통,통행불편 해결부탁합니다,11,8
기타,주민등록표정정요청입니다 수정 후 재등록,11,8
건설교통,누구를 위한 보도환경공사인가,11,8
공원체육,광주 동구문화센터 배드민턴장 빨리 개방하세요,11,8
환경청소,불법 폐기물 투기자 신고합니다,11,8
건설교통,보행도로,11,7
건설교통,가로등 고장,11,7
환경청소,소음,11,7
환경청소,북극곰의 하소연,11,7
환경청소,소음,11,6
건설교통,계림동 상습 사고구간 ,11,6
환경청소,거리 관리,11,5
건설교통,산수동 재개발,11,5
건설교통,산수동해광맨션 언덕길 불법주차 및 주정차 금지 선 보수,11,5
건설교통,주정차단속,11,5
건설교통,금남로 가역 사거리 주차단속 요청,11,5
공원체육,동구 문화센터 배드민턴장 이용,11,5
도시건축,의원나리들은 뭣헌가 몰라잉,11,5
환경청소,요소수문제 동구는 괜찮은가요,11,5
기타,불법노점상 및 불법 점유물,11,4
건설교통,보안등 해중퇴치기 고장,11,4
도시건축,이제 지칩니다,11,4
도시건축,계림동 주민센터 건설에 관하여,11,4
도시건축,앞서 시민분이 계림동행정복지센터 공사장 벽과 추가로 공사장 출입구에 관련해 민원남깁니다,11,3
환경청소,아이스팩 재활용 수거 가능한가요,11,3
건설교통,계림동 행정복지센터 신축관련,11,3
건설교통,동계천로 불법주차 문제,11,3
도시건축,동구 금동 오피스텔로 인한 주택 문제건 처리진행사항,11,3
보건복지,지역 대형병원 응급실 대응체계 조대병원,11,3
공원체육,푸른길 말벌집 철거 요청,11,3
환경청소,홈플러스 계림점 광장 비둘기,11,3
기타,지적 소음 반복민원 짜증이다,11,3
기타,지적재조사계는 엉터리 답변 중이다,11,3
건설교통,주차단속도 좀 하고 주차 못하게 탄력규제봉 설치 바랍니다,11,2
건설교통,어린이보호구역 주정차 금지,11,2
건설교통,어린이보호구역 주정차,11,2
건설교통,주정차단속 직원 불친절,11,2
건설교통,동명동 거리공사 주차민원,11,2
공원체육,제안,11,2
기타,문의,11,1
건설교통,지산 주차공간 문제,11,1
건설교통,그랜드센트럴 동 임대아파트에 관하여,11,1
환경청소,소음,11,1
건설교통,개념없는 불법 주정차,11,1
건설교통,용산생활체육공원 주변 교통불편,11,1
보건복지,수술복사 우편으로 보내주세요,11,1
환경청소,비둘기밥,11,1
건설교통,학동구역 관련하여 참조하시기 바랍니다다,10,31
건설교통,동계천로 보행도로 공사중인데 걱정이되는데요,10,30
건설교통,소음,10,30
환경청소,소음,10,30
건설교통,건의합니다,10,30
건설교통,가로등 점검,10,29
도시건축,주택건설사업계획 승인 건축위원회 심의시 주민 참여가 필요하다고 생각합니다,10,29
기타,위험물판매소인 일석유상를 신고합니다,10,29
건설교통,인도없는 경사로 도로쪽 출입구 개설 문제,10,29
환경청소,흡연 및 주차,10,29
건설교통,산수동 도로개통관련 민원,10,29
도시건축,위험한 공사장,10,29
환경청소,과태료처분과정이 메뉴얼대로 된건지 의문입니다 청소과 직원의 공갈아닌공갈을 받은거같은기분입니다,10,29
미담사례,대한민국건강도시대상수상,10,28
환경청소,청소행정과 직원의 소극행정과 불친절하고 안이한 업무처리 항의,10,28
건설교통,불법주정차 단속 아에 안하죠,10,28
건설교통,그랜드센트럴 정문 불법주정차좀 제발 없게해주세요,10,27
건설교통,법원 앞 불법주차단속,10,27
건설교통,두산차 정문 건너편 인도 안전펜스,10,27
환경청소,불법 간판철거 및 행정조치 요청,10,27
환경청소,동명동 이용섭 선생님을 칭찬합니다,10,26
기타,가로등고장,10,26
환경청소,불법광고물철거바랍니다,10,26
환경청소,쓰레기 소각,10,26
환경청소,양림로번길 건너편 무단투기가 자주 있습니다,10,26
환경청소,대인동 도야짬뽕 건물내흡연,10,26
기타,동구청장님께,10,26
건설교통,파손된 포장도로 보수건,10,26
기타,위반 건축물에 대해서 ,10,26
건설교통,제발 교통영향 고려없는 획일적인 주차단속을 멈춰주세요,10,25
건설교통,경양로 푸른길공원 횡단보도 현수막철거요청,10,25
기타,계림동 주민센터관련,10,25
환경청소,불법광고판제거바랍니다,10,25
도시건축,비상계단공사 후,10,25
환경청소,소음,10,25
건설교통,동명동에 미양심 주민을 신고합니다 조치 바랍니다,10,23
기타,지적재조사 다툼과 분쟁의 기준이 무엇인가요,10,23
건설교통,지원동 모아미래도 앞 인도 설치 건의드립니다,10,22
건설교통,학교 앞 설치요망,10,22
건설교통,골목길 포장을 요청한 주민 의견입니다,10,22
공원체육,주민을 칭찬합니다,10,22
건설교통,동명동카페거리불법주차너무많아요,10,21
보건복지,독감백신접종,10,21
공원체육,너릿재 정자 보수 요청,10,21
건설교통,하수구함몰과 도로 파임,10,21
건설교통,광주광역시 동구 학동 소재 남광교와 학강교 구간의 천변우로 천변쪽 인도 바닥면 보수 및 개선 요청 드립니다,10,21
기타,지적재조사계 홍춘경 주무관님 답변 바랍니다 ,10,20
도시건축,그랜드센트럴 동 상가 층 불법 구조변경에 관한 건,10,20
건설교통,가로등 안전문제로 교체요구 실마유ㅠㅠㅠㅠ,10,20
보건복지,음식 재활용,10,20
건설교통,동네주차,10,19
건설교통,학동조대부고 근처 소방도로공사,10,19
도시건축,가로정비사업 안하시나요,10,19
도시건축,임택구청장님께 드리는 글입니다,10,19
건설교통,주정차 및 역주행 문제,10,19
환경청소,청소행정과답변감사드립니다,10,19
건설교통,아침부터 주차단속,10,19
도시건축,불법건축물단속안하시나요,10,18
문화경제,내남지구 도서관 현황,10,18
기타,주택가 개가 무리지어다닙니다,10,18
환경청소,드롭텁앞커피숍길가 쓰레기천지,10,18
공원체육,월남호반차 공원 설치물 의 방향,10,18
문화경제,다수를 위한 소수의 희생은 당연한건가요,10,18
보건복지,동구행복나눔 봉사단,10,16
건설교통,전신주 가로등 고장,10,16
공원체육,두암근린공원과 상가뒷길주차장쓰레기문제심각성,10,15
기타,지적재조사계 홍춘경 주무관님 답변 바랍니다,10,14
기타,위반 건축에 대해서,10,14
환경청소,동구도 광산구처럼,10,14
문화경제,동명동 장동로와 동계천로 전선지중화공사,10,14
건설교통,가로등 설치 의견,10,14
건설교통,금남공원옆골목 주차 단속해주세요,10,14
기타,나무 부분 궁금합니다,10,14
도시건축,지원로번길 가로등 공사 및 보도블럭 공사로 보행불가능,10,14
건설교통,소태동 어르신들을 위한 인도가 절실히 필요합니다,10,13
건설교통,소방도로 공사 진행과 전주 이전에 관한 건,10,13
건설교통,현수막 이전설치 부탁드립니다,10,13
도시건축,월남동 분산교 인근 공사,10,13
건설교통,가로등 설치가 필요합니다,10,13
환경청소,불법 광고물 철거 요청,10,12
건설교통,월일자글에 대한 월일 답변 반박,10,12
건설교통,아파트 정문 앞 유턴차선 신설로 인해 문제가 발생되고 있습니다 시정 요청드립니다,10,12
도시건축,골목길 주차공간 사유화,10,12
건설교통,주차단속 등,10,11
도시건축,옆집 철거공사후 집이 흔들리고 금이가고 있어요,10,11
건설교통,뭐 이런 어이없는 경우가,10,11
도시건축,이 간판 제거 해 주세용,10,10
기타,동구청에는 몇개의 과가 있는지,10,10
환경청소,청소과 김휘님 감사합니다,10,10
환경청소,쓰레기 불법투기 신고합니다,10,10
환경청소,소음,10,9
건설교통,동명동 보행환경개선공사 경계석 턱이 너무낮아요,10,9
도시건축,금남로가역 새벽 공사,10,9
건설교통,금남로가역 공사,10,9
도시건축,의견서 제출 내용 확인 요망,10,8
문화경제,신설되는 지산에 관한 건,10,8
도시건축,건물의 주입구과 주차장의 입구의 막히는 건축을 막아주세요,10,8
건설교통,지산동 법원 근처 공사문제,10,8
건설교통,산수시장 입구 차 좀 다닙시다,10,8
건설교통,아무리 점심시간이어도 차는 지나가게 해야되는거 아닙니까,10,8
기타,가을의 은행나무,10,8
환경청소,광주고 앞 은행 줍는 작업,10,8
기타,서석초 닭 울음소리,10,8
건설교통,광주 자전거 타랑께 동구 서비스시행 요청,10,8
환경청소,청소행정과에 추가 질문입니다,10,7
공원체육,월남호반차앞공원공사중단민원추가글,10,7
건설교통,서남동 공영주차장에 번호판뗀차량 방치중,10,7
미담사례,동구 별빛정원어린이집 박효주 선생님께 감사인사를 전합니다,10,7
환경청소,청소차량애서 사람이 떨어졌어요,10,7
건설교통,감사합니다  꾸벅,10,7
기타,인도 물건 적치,10,7
기타,동구청에 드리는 내용이니 적극검토 요망,10,7
기타,학동 양명요양병원 근처 개소리,10,6
기타,창밖의 모기포충기는 주민의 마음을 알까,10,6
기타,위반건축물 위반 면적 잘 못 나온 듯 합니다,10,6
도시건축,동명동 인도 공사,10,6
건설교통,남광주역고가쪽 자전거도로 보수신청합니다,10,6
도시건축,지산구역 조합원 명부 자료 청구 관련,10,6
환경청소,금남로가 로머스파크 앞 바이올린동상 소리가 소음 수준입니다,10,6
공원체육,월남호반차앞공원공사중단요청합니다,10,6
공원체육,번월남호반공원공사의견위드코로나 시대에맞는 행정절실,10,5
기타,지적재조사를 통한 지적도 수정에 대한 질문,10,5
도시건축,옥외간판 철거 미이행 지도요청,10,5
건설교통,남광주사거리 좌회전차선문제,10,5
보건복지,동명동 소독 실시 유무 검점 필요,10,5
도시건축,동구 계림구역 먼지관련,10,5
건설교통,용산동 메인도로에 신규 횡단보도 설치를 요청 드립니다,10,4
도시건축,인도 은행나무 열매,10,4
도시건축,김민성님 칭찬합니다 도시재생과,10,4
도시건축,롯데 백화점 가는길 우체국 쪽,10,3
기타,동구에서 오랬동간 거주하고 현재도 거주하는 동구 토박이 주민입니다,10,3
건설교통,가로등 점검요청,10,3
기타,동구청장님 충장축제총감독님 충장축제 매니아로서 간절히 부탁합니다,10,3
기타,밑에 보도블럭 민원 공감합니다,10,3
건설교통,보도블럭 포장 조잡시공,10,3
건설교통,감사드립니다,10,3
환경청소,소음,10,3
건설교통,불법 현수막 철거 부탁드립니다,10,2
건설교통,긴급 복구 부탁드립니다,10,2
도시건축,건물 철거와 관련,10,2
건설교통,동명로번길 도로공사 관련,10,1
기타,답변을 삭제한 것도 있네요,10,1
기타,개카페 소음 문제,10,1
환경청소,정류장 천정 청결문제,10,1
건설교통,아파트옆 도로 리어카 문제,10,1
기타,현수막 게시 과태료 부과,10,1
도시건축,마감기일이 궁금합니다,10,1
도시건축,아파트 공사주변 도로보수요망,9,30
건설교통,가로등 점검 요청,9,30
도시건축,동구청장님 가로주택정비사업 조합설립동의서 발급 위법성 여부 답변 부탁합니다,9,30
도시건축,전선 정리가 시급해보입니다,9,30
도시건축,위반건축물 표기가 안됐네요,9,30
공원체육,둥구 푸른길 수종팻말,9,30
건설교통,동명동 주차문제,9,30
건설교통,남초 어린이보호구역,9,30
미담사례,기획예산실 신은희 주임님을 칭찬합니다,9,29
도시건축,계림동 번지 새벽 공사,9,29
건설교통,제발 단속좀합시다,9,29
건설교통,현수막 철거 부탁드립니다,9,29
도시건축,상정한 안건을 의결없이 시행을 ,9,28
도시건축,긴급공동주택 공용부지 미 의결 사용 부당,9,28
기타,동구청 입구 주차안내소,9,28
기타,구청장님 안녕하십니까,9,28
건설교통,도로반사경 재정비 및 횡단보도 설치 건의,9,28
도시건축,공동주택 운영에 감사합니다,9,27
건설교통,이레도 돼나요,9,27
건설교통,게림동 두산차 메가커피 와 광주고 측벽면  계림신협방면 지브라형횡단보도설치요청건,9,27
도시건축,긴급불법 위원회는 취소해야 합니다,9,26
건설교통,인도를 가로막는 주차정리,9,26
건설교통,주정차무인단속카메라 건,9,26
도시건축,달은 출근 가로등 퇴근,9,26
환경청소,소음,9,26
문화경제,인기 강좌프로그램 개설신청,9,25
건설교통,도로위 맨홀뚜껑 소음,9,25
건설교통,하수구 덮개 파손으로 위험합니다,9,25
건설교통,가로등 고장,9,25
도시건축,답을 주세요,9,24
건설교통,문제가 심각하네요,9,24
환경청소,당 아파트 주위 불법 현수막 수거 요망,9,24
도시건축,가게 앞 도로위 무단점거물 철거요청,9,23
도시건축,광주계림교회옆 신축공사현장의 문제 ,9,23
건설교통,보안등 고장신고,9,23
환경청소,쓰레기 투기가 심해요 좀 달아주세요,9,23
건설교통,도로확장후 주차피해,9,23
도시건축,위험한 불법 건축물 조치 요청요 번째,9,23
건설교통,남광주시장의 작태 동구청의 무능,9,19
기타,한남동 구기 굽는냄새,9,19
기타,교체된 가로등 각도 조절 요청,9,19
도시건축,감사 결과대로 이행하게 해주세요,9,18
환경청소,소음,9,18
환경청소,골목포장이 너무하여 포장요청,9,18
기타,내 고향만은 안 그럴 것이라고 봤지만 정말 무섭습니다,9,17
건설교통,담양버스 너무 합니다,9,17
건설교통,신호등앞주차단속,9,17
보건복지,경로당,9,16
건설교통,학운동 행정복지센터 전기차충전소 제발 ,9,16
환경청소,모기가 넘 많아요,9,16
건설교통,방범등 고장신고,9,16
환경청소,푸른길 잡상인 단속,9,16
도시건축,올바른 조치를 요청합니다,9,16
도시건축,엔씨웨이브 충장점을 고발합니다,9,15
기타,재난지원금 지급 관련 주민센터 업무 숙지 부탁드립니다,9,15
건설교통,현수막으로 운전이 위험합니다,9,15
미담사례,신은희주임님을 칭찬합니다 ,9,15
기타,칭찬합니다 ,9,14
보건복지,지금 집회해도 되나요,9,14
보건복지,안심식당 홍보물품 좋습니다 ,9,14
도시건축,계림동 번지 새벽 공사,9,14
도시건축,광주 계림교회옆 신축공사현장의 문제,9,14
건설교통,동명동 차도보행로 공사,9,14
건설교통,살레시오 여고 앞 오토바이 무법도로 점용 현장 ,9,14
기타,골목 가로등 수리 부탁드려요,9,13
건설교통,수소차 수소충전소 설치 문의,9,13
건설교통,궁동번지 물고임 현상 처리요청 ,9,13
건설교통,가로등 불이 안들어옵니다,9,13
공원체육,도심건강길 길 시설물 관리,9,13
환경청소,동명동 일대 술집 및 식당 음식물쓰레기 관리,9,12
환경청소,도로에 도시 미관을 헤치는 쓰레기 투기 시정 바랍니다,9,12
건설교통,지산동행정 복지센터앞 신호등 ,9,12
건설교통,홍림교 신호,9,12
건설교통,지산동 푸른맨션 게이트쪽 동구에서 알리는 플랑으로 인해,9,11
도시건축,담장 균열 위험,9,11
기타,필지 소유주가 같은데 이걸 따로 합병 처리 하라는 이유가 뭔지 설명 바랍니다 ,9,11
건설교통,두산차 차 차,9,10
건설교통,공무원의 무책임한 업무처리,9,10
환경청소,소음,9,10
도시건축,월남동 공영차고지 이전계획 궁금합니다,9,10
환경청소,하수구냄세가심해요 ,9,10
공원체육,공원 잡초가 무성하여 모기 때문에 못살겠다는 민원,9,10
건설교통,계림동 주민센터 옆 주차단속좀 해주세요 ,9,10
보건복지,돈 벌이에 불 친절한 치과 ,9,10
도시건축,장기수선충당금 사용 사업,9,9
공원체육,동구 국민 체육센터 칭찬합니다 ,9,9
환경청소,다시 쓰레기장,9,9
기타,창구직원 업무부족과 불친절 ,9,9
건설교통,가로등 교체 요망,9,9
건설교통,공사 소음이 시끄러워요,9,9
기타,김윤호씨 이번에도 억지로 반복민원으로 종결처리 하실 거에요 ,9,9
기타,산수동 점심시간 단수 ,9,9
환경청소,성촌마을 입구 쓰레기,9,9
기타,민원 해결 요청,9,9
도시건축,확인 행정을 요구합니다,9,9
건설교통,교통사고 위험,9,8
보건복지,동구국민체육센터 외부벤치 흡연건,9,8
건설교통,이면 도로 주정차 단속,9,8
미담사례,보건소 장 은주 주무관님 칭찬합니다 ,9,8
건설교통,계림동 두산위브차 및 차 근처 주차단속,9,8
건설교통,불법주차 단속부탁요인도에 모두주차해서 사람도 걸을수 없어요,9,8
건설교통,주차난 좀 해결해 주세요,9,8
도시건축,동다표 사퇴처리 오류에 따른 조치,9,8
기타,기름차 하나 관리 못하는 일석유상사를 신고합니다 ,9,8
도시건축,불법벽보 건,9,7
문화경제,청년창업지원 사업을 지원하는 동구청 동구청장님 청년체육과에 감사합니다 ,9,7
건설교통,정류장,9,7
건설교통,보안등 타이머 조정,9,7
건설교통,보안등 수리,9,7
기타,광주지방법원 공사로 인한 소음과 냄새,9,7
건설교통,전남대병원 오거리 불법 현수막,9,7
환경청소,소음,9,6
보건복지,국민지원금 사용처 문의,9,6
미담사례,산수동 복지담당 신서진님 정말 감사드립니다 ,9,6
도시건축,학동구역에 대해 동구청장님께 바랍니다,9,6
기타,마스크 안쓰고 다니는 인간을 고발합니다,9,6
보건복지,지산동 동네 연기냄새 민원입니다,9,6
도시건축,건축과는 지적재조사 사업처럼 불법을 허가 해주실 겁니까,9,6
건설교통,전신주 이전 요청 및 공사 관련,9,5
공원체육,빛고을산들길등산로길 잡초 제거좀 해 주세요,9,5
환경청소,용산지구 산책로둘레길 제초 작업 및 배수지 입구 정비 부탁 합니다 ,9,5
건설교통,오래된 골목에 관심을,9,5
보건복지,동구 푸른마을공동체 센터,9,5
공원체육,푸른길공원등 보수 바랍니다,9,4
환경청소,나무전지 잡초 제거해 주세요 ,9,4
공원체육,천변산책로 인도좀 만들어주세요 ,9,4
미담사례,년 아빠는 육아왕 프로그램 최고 ,9,4
미담사례,임택 구청장님 육아종합센터 센터장 및 선생님 감사드립니다 ,9,4
환경청소,소음,9,4
도시건축,학동구역 제대로 행정감독 ,9,4
건설교통,주차봉 원래자리로 다시 설치해주세요 ,9,4
도시건축,학동삼거리 철거현장의 관리 ,9,4
문화경제,언행일치 ,9,4
도시건축,동구청장님께 올립니다 ,9,3
환경청소,비둘기가 너무 많아요,9,3
환경청소,음식쓰레기 등 불법 투기,9,3
기타,판례가 어디 있나요 ,9,2
환경청소,소음,9,2
도시건축,그랜드센트럴 연기로 살수가 없습니다,9,2
건설교통,노인 보호구역 도로파손 ,9,2
환경청소,자동차 행상행위 및 확성기 소음,9,1
도시건축,지산구역재개발 원룸 지분쪼개기 검찰 송치,9,1
공원체육,우리도 실외 배드민턴장이 있었으면 좋겠어요,9,1
도시건축,물탱크 소음문제,9,1
환경청소,폐수 문제,9,1
도시건축,회의 성립 유무,9,1
환경청소,불법 폐기물 쓰레기 투기 신고합니다,9,1
도시건축,저질벽보 부착 건,8,31
건설교통,지하상가횡단보도 ,8,31
건설교통,공적도로 주차금표지판으로 도로점유,8,31
도시건축,건축과 답변 언제 하실건가요,8,31
도시건축,사업자선정지침 공사 확인,8,31
환경청소,소음,8,30
환경청소,아파트 산책로 주변 작물 경작실태,8,30
도시건축,공유토지분할특례법,8,30
공원체육,공원 관리에 관해서,8,30
환경청소,인도 잡초 제거 ,8,30
기타,이런건 어떨까요,8,29
건설교통,불법 저질벽보 부착 건,8,29
보건복지,백신 주사량 부적절,8,29
환경청소,소음,8,29
공원체육,계림동 그랜드센트럴 아파트 옆 중앙공원 인도 물고임 조치요청 ,8,27
건설교통,동산초교 옆 삼거리 신호등 요청합니다 ,8,27
기타,지적재조사 지상 경계 다툼에 대해서 ,8,27
환경청소,소음,8,26
건설교통,산수동 무등산전망대 폭주족,8,26
건설교통,어린이 보호구역 주차단속,8,26
건설교통,용산지구 울타리 관련,8,26
환경청소,소음,8,25
환경청소,소음,8,25
미담사례,르네상스 사업 ,8,25
환경청소,재활용,8,25
환경청소,학소로 번길 ,8,25
보건복지,동구 어린이집 심폐소생술 ,8,25
건설교통,버스정류장 도로 침하 ,8,25
도시건축, 오전시 무등산그린웰로제비앙 임원선출절차를 중지시켜 주시기 바랍니다 ,8,25
건설교통,구청장님께다시한번부탁드립니다,8,24
환경청소,구청장님께 드리는글 ,8,24
도시건축,수의계약 업무 처리 부당 ,8,24
건설교통,횡단보도 설치 건의 ,8,24
건설교통,동구 학소로 땅꺼짐,8,24
기타,냄새연기,8,24
건설교통,동구청버스정류장 도로침하 ,8,24
환경청소,칭찬합니다 ,8,24
건설교통,살레시오 정문앞 도로 무단 주정차 배달 오토바이 단속 해주세요 ,8,24
건설교통,산수동 그린웰 아파트옆 푸린길 개설도로,8,23
환경청소,종량제봉투 판매소 주문방법 변경 부탁드려요,8,23
건설교통,주차단속 및 중앙분리대 설치건의 ,8,23
건설교통,지산개통전 신호등과 과속카메라 부탁드립니다 ,8,23
환경청소,하수구 퇴적물 제거요청,8,23
건설교통,오토바이 주정차 ,8,23
기타,킥보드,8,23
환경청소,소음,8,23
도시건축,계림동 행정복지센터동사무소 준공 문의,8,22
도시건축,골목길이 무서워요,8,22
기타,밑에 버스승강장 워터파크 민원에 덧붙여서 민원 드립니다,8,22
환경청소,ㅡ,8,21
건설교통,버스승강장 워터파크 ,8,21
도시건축,장마라는 데걱정됩니다 개발일 까 파괴일 까,8,21
기타,법무감사관은 똑바로 감사 하시길 바랍니다,8,21
환경청소,소음,8,21
기타,역시나 답변 못하시네요,8,21
건설교통,동구청주차장이용,8,20
환경청소,소음,8,19
환경청소,홈플러스 계림점 근처 비둘기너무 힘들어요 ,8,19
보건복지,모기 포충기 수리요청,8,19
도시건축,보안등 수리 요청,8,19
건설교통,조대 일방로 오토바이 주정차 ,8,19
건설교통,우회도로만든후상황,8,19
도시건축,선관위 회의 및 절차,8,19
보건복지,계림동 상가 화재 위험성 있어 지도 점검 요청합니다 ,8,19
환경청소,가로등 불이 안들어와요,8,19
도시건축,계단높이 법적 규정이 맞는건지 궁금합니다,8,18
문화경제,종합소득신고나 부가가치세 신고할수있도록 프로그램개설 ,8,18
환경청소,소음비산먼지,8,18
건설교통,불법적치물 신고합니다,8,18
환경청소,잡상인단속,8,18
건설교통,불법 주차 단속 바랍니다,8,18
환경청소,푸른길 산수마당 부근 넘 지저분해요,8,18
보건복지,경로당,8,18
도시건축,지적재조사 관련 문의입니다,8,18
기타,심폐소생술등 긴급대처교육,8,18
환경청소,소음,8,17
환경청소,소음,8,17
건설교통,개념없는 불법주정차,8,17
건설교통,대인시장내 주정차에 관한건과도한 신고,8,17
보건복지,전화가 안되서 그러는데 전화좀 주세요,8,17
도시건축,인도가 없어요,8,17
보건복지,복지,8,17
공원체육,두암제근린공원가로등이모두꺼짐,8,16
기타,계림동 주민 주차장,8,16
공원체육,계림동 그랜드센트럴 수영장 ,8,16
미담사례,광주동구보건소에 감사드립니다 ,8,16
문화경제,하공의 랜드마크 남광주시장,8,16
환경청소,불편해요,8,15
건설교통,어린이 보호구역 불법주정차 신고합니다,8,15
미담사례,칭찬합니다 ,8,15
도시건축,공고이행 의무,8,14
건설교통,롯데백화점 불법 주정차로 중앙선 넘어서 가는 상황 아시나요,8,14
건설교통,불법주정차를 신고합니다,8,14
환경청소,불편해요,8,13
환경청소,아파트에서 소음이 심해요,8,13
건설교통,계단 앞쪽 도로가 옆 인도 포장,8,13
도시건축,보안등 수리요청,8,13
환경청소,불편해요,8,13
환경청소,계림두산차상가앞,8,13
도시건축,구청장님께다시한번부탁드립니다,8,13
미담사례,서해동주민안전담당관님 칭찬합니다 ,8,13
환경청소,불편해요,8,12
환경청소,불편해요,8,12
환경청소,유기견 구조,8,12
건설교통,용산동 이디야쪽 울타리 항의 ,8,12
도시건축,공동주택관리 감사 결과 호도 시정요청,8,12
건설교통,불법주차 민원 접수합니다,8,12
건설교통,새벽에 시작되는 공사 소음,8,12
기타,민원인 땅이 건축물 담도 없는 공터 부분인데 남에게 땅을 준다,8,12
기타,지금 지적재조사 진행 중인 주민들이 봤으면,8,12
건설교통,광주 동구 지산휴먼시아 아파트 근처에 상시 불법주차 단속 카메라 설치를 부탁 드립니다,8,11
보건복지,경로당,8,11
환경청소,소공원 청소와 관리 철저를 부탁드립니다 ,8,11
기타,불법타이어관련문의드립니다 ,8,11
건설교통,모기퇴치기 고장,8,11
건설교통,필문대로조대정문앞 사거리 동구청 방향 불법좌회전 차선 위반 단속요청,8,11
환경청소,하수관 파손 ,8,11
미담사례,김유석 선생님 감사합니다 ,8,10
건설교통,가로등,8,10
건설교통,반사경 각도조정 ,8,10
환경청소,고도제한법을 무시한 아파트 건축허가 건,8,10
도시건축,도로 포장이 깨져서 요철이 심합니다,8,10
환경청소,금연구역 내 흡연으로 인한 화재 발생 금연 단속 요청,8,9
환경청소,냉방기 실외기 소음,8,9
기타,방역수칙에 따른 작은도서관 사용금지 맞나요,8,9
건설교통,가로등 불이 꺼짐,8,9
환경청소,불편해요,8,8
환경청소,불편해요,8,8
도시건축,내 아파트계단 사용도 못하고 있습니다 광신건설 손해배상하도록 조치해주십시요,8,8
환경청소,애완동물 배설물 단속,8,8
도시건축,새벽시 공사소음 어떻게생각하세요,8,8
건설교통,가로등 고장요,8,8
건설교통,주정차구시청 주거지역 골목길,8,7
보건복지,경로당,8,7
미담사례,구청 민원실앞 생수 감사합니다 ,8,6
건설교통,오래된 불법주차 단속 요망 ,8,6
건설교통,등하교길 불법주정차및 신호등 문제,8,6
도시건축,골목길 옆 노후된 공가 지붕 구조물 낙하 위험,8,6
건설교통,주정차단속,8,6
건설교통,동구 이래서 가기싫어요,8,6
환경청소,가로등 미점등,8,6
환경청소,동명동 골목 쓰레기 조치문제,8,5
기타,구청의 조속한 조취바랍니다,8,5
보건복지,경로당,8,5
도시건축,동구청장님께 묻습니다 직접해결해 주십시요 ,8,5
환경청소,불편해요,8,5
도시건축,동대표자의 사임 ,8,5
환경청소,불편해요,8,4
건설교통,감사합니다,8,4
환경청소,고양이배변,8,4
환경청소,비둘기모이를 줍니다,8,4
건설교통,통행로 확보,8,4
건설교통,학 구역 주변 인도 잡초 ,8,4
도시건축,해체공사 진동,8,4
건설교통,교통신호 위험 ,8,4
기타,임택 동구청장님에게 묻습니다,8,3
도시건축,지산동 한국아델리움 공사장 안전문제 ,8,3
보건복지,장애인 복지 관련,8,3
도시건축,번지입니다,8,3
도시건축,광주광역시 동구 도시관리국 건축과의 직권남용 신고,8,3
도시건축,지반침하 ,8,2
환경청소,상가건물에 쓰레기와 알수없는  박스 설치 ,8,2
공원체육,아이들 신나는 주말체육학교 운영에 관해 문의드립니다,8,2
보건복지,동명동 여기카페 식품 위생상태 신고,8,2
환경청소,불편해요,8,1
환경청소,불편해요,8,1
미담사례,사람은 뒷모습이 아름다워야한다,8,1
건설교통,제발 주말엔,8,1
도시건축,상가건울내 비상통로 무단점용,7,31
건설교통,소음 신고,7,31
도시건축,선관위 파행에 따른 조치 재요청,7,30
도시건축,민원처리 기한은 며칠인가요,7,30
도시건축,학동 산    산사태 두드림에 올린지 일 지난 지금도 처리중,7,30
환경청소,길고양이와의전쟁 ,7,30
환경청소,오토바이 배기음 신고,7,30
건설교통,구청장에게고한다,7,29
환경청소,불편해요,7,29
건설교통,집앞 싱크홀 의심,7,29
건설교통,이른 아침 주차단속,7,29
환경청소,선교 정자보호수옆쓰레기 ,7,29
건설교통,오전 시 공사 소음,7,29
공원체육,인도 에 물이차서 불편합니다,7,29
기타,수사기관에서 답변 하신 거 해명 바랍니다 ,7,29
건설교통,선교동 너릿재 옛길 입구 안내판 문구를 수정해 주세요 ,7,29
기타,선교동 너릿제 옛길 올라가는 경사로 자전거 데크길을 설치해 주세요,7,29
건설교통,과속방지턱설치 ,7,28
건설교통,교차로 교통카메라 설치 검토 요청 ,7,28
건설교통,폐차방치,7,28
건설교통,공사중 소음과 매연이 너무 심합니다,7,28
공원체육,농장다리 밑 피아노 소음,7,28
기타,번지 입니다,7,28
문화경제,전일문화센터 프로그램시간대,7,27
기타,충장동 화이팅 입니다 ,7,27
건설교통,도로무단점거 오토바이 ,7,27
기타,기후환경과 거짓말 하네요 ,7,27
환경청소,수도계랑기보호통 파손 ,7,27
건설교통,계림초등학교후문학교안 보도블럭공사 ,7,27
건설교통,황금동 충장로 불법 노점상 평일주말 단속 부탁 드립니다,7,27
도시건축,입주민 기만한 광신건설 비상계단공사 공사기간연장 인정할 수 없습니다,7,27
도시건축,건축물대장 명칭 기재 요청,7,27
문화경제,동구청의 운영비 지원을 받는 동아리가 이러한 조건을 달아도 되는 걸까요,7,27
문화경제,운영비가 지급되는 동아리에 이런 조건이 있는게 타당한가요,7,26
건설교통,광주 동구 장동로   코너베이크샵 앞 도로 싱크홀 의심신고,7,26
건설교통,동명로 번길 노상주차 건의,7,26
도시건축,가로등 설치 요청,7,25
미담사례,칭찬합니다,7,25
환경청소,불편해요,7,25
공원체육,월남동 호반과 용산체육공원 중간쯤 되는 천변 산책길 ,7,25
환경청소,불편해요,7,25
건설교통,내남동 진아리채 광주화순간 방음벽 설치 ,7,25
건설교통,지산동 한국아델리움 아파트 신축현장,7,24
기타,거짓말만 하는 급 공무원 김윤호 주무관을 신고 합니다 ,7,23
도시건축,건축과는 언제까지 광신건설불법을 눈감을 예정인가요 ,7,23
보건복지,광신건설은 아파트를 위험에 빠뜨리고 있습니다,7,23
미담사례,형제 부모보다 더 고마운 사람 ,7,23
건설교통,그랜드센트럴 아파트 쪽문 신호등설치 ,7,23
보건복지,계림차광주고 쪽 그늘쉼터 설치 해주세요,7,23
건설교통,창역떡집 뒤 가로등 고장 ,7,23
건설교통,불법입간판 통향불편 한번 요청하엿으나 조치가 이뤄지지안음,7,23
도시건축,어처구니 없는 질문,7,22
환경청소,소음,7,22
도시건축,옥외간판이 이렇게도 허가가납니까,7,22
환경청소,하수구 냄새가 심하게 납니다,7,22
기타,정화조 불법 설치에 대한 답변 바랍니다,7,22
건설교통,학동구역 현장 전체  설치,7,22
보건복지,식당 위생 신고,7,22
공원체육,동구 용산생활체육공원 축구장,7,21
환경청소,광주천으로 흐르는 하수구에서 악취가 심합니다,7,21
도시건축,코로나 단계입니다 광신건설 이런공사행태 말이됩니까,7,21
건설교통,어린이보호구역 불법주차,7,21
공원체육,동구청이 앞장서 푸른길을 훼손해도 되나요 ,7,21
도시건축,매우 위험한 불법 건축물 신고 및 지도부탁요,7,21
환경청소,버스 승강장 대기실 공사,7,21
건설교통,동명로번길 오아시타호스텔 이용객의 불법주차 단속요청,7,21
환경청소,소음,7,20
환경청소,소음,7,20
공원체육,푸른길에서 애완견 입막음 의무화 조치  애완견 입막음 안내 표지판 설치 및  설치 요망 ,7,20
도시건축,건축물표시 변경 신청 처리 요청,7,20
도시건축,학동구역 현장 전체  설치,7,20
환경청소,에어컨 냉각수,7,20
도시건축,선관위 소집 운영 파행,7,20
건설교통,심야시간 배달오토바이 소음 문의드립니다,7,20
건설교통,배달 오토바이 배기소음 좀 단속해주세요,7,20
기타,지적재조사가 이렇게 무서운 사업입니다 ,7,19
도시건축,동명동 번지 입니다,7,19
기타,사업 강제로 밀고 나가네요 ,7,19
환경청소,계림동 캣맘으로인한 고양이 배설물처리 ,7,19
건설교통,불법점유물,7,19
도시건축,계림구역 재개발 먼지관련,7,19
도시건축,입대의 회의 개최 부당,7,19
건설교통,동명로 번길 주차 단속,7,19
건설교통,충장로 불법 노점상 단속 부탁 드립니다,7,19
미담사례,삼계탕,7,19
기타,정화조 비위생관리 불법 신고합니다,7,19
미담사례,이분 승진시켜주세요 ,7,19
환경청소,생활환경 관련입니다,7,19
건설교통,이른아침 공사장소음 ,7,19
건설교통,오토바이소음관련,7,19
환경청소,소음,7,18
보건복지,마스크미착용 단속요망 ,7,17
기타,업주 마스크미착용신고,7,17
도시건축,문의합니다,7,17
도시건축,입대의 비대면 회의 부당 ,7,17
환경청소,마트 실외기 소음,7,17
보건복지,시 이후 홀영업금지이지만 ,7,17
도시건축,입대의 파행 지도 요청,7,16
환경청소,생쌀 버릴경우,7,16
기타,어린이 보호구역에서,7,16
환경청소,소음 문제 해결 바랍니다,7,16
공원체육,스피커  ,7,16
환경청소,소음 좀 어떻게 해주세요,7,16
기타,국유지 무단점유 신고합니다 ,7,16
도시건축,산수동 광신프로그레스 땅이 맞습니까,7,16
기타,번지입니다 왜 내 민원엔 답변이 없나요,7,16
도시건축,선관위 소집공고,7,15
보건복지,식당위생,7,15
도시건축,백서로 보행자 도로개선 완료된게 이건가요,7,15
공원체육,푸른마을 공동체다목적실 사용 ,7,14
건설교통,꼬리물기 단속 부탁드립니다 ,7,14
건설교통,주민우선주차장 및 도로 불법점유물,7,14
건설교통,불법주차,7,14
기타,지적재조사 민원  ,7,14
기타,지적재조사 민원 ,7,14
건설교통,동명로번길 불법주차 단속 요청 ,7,14
도시건축,인도적치물로인한통행장애,7,14
공원체육,민주광장 분수대 주변 화분 사고처리는 언제쯤,7,14
건설교통,표지판 제보,7,13
문화경제,쓰레기봉투 판매점,7,13
도시건축,우천시 옹벽 위 토사흘러내림,7,13
기타,마트 소음,7,13
건설교통,불법주차로 힘듭니다,7,13
건설교통,웨딩의 거리 주차요금,7,13
환경청소,소음,7,13
환경청소,음식물 분리수거통 파손하는 직원 책임요망,7,12
환경청소,쓰레기처리 민원 ,7,12
건설교통,민간주차장 민원처리 불친절,7,12
도시건축,종일 지속되는 소음,7,12
환경청소,마트소음,7,11
공원체육,체육공원 내 마스크 미착용 문제,7,11
보건복지,충장로 골목 흡연쓰레기불법 투기 ,7,11
환경청소,차도에 있는 로드킬 사체처리 요청,7,11
건설교통,횡단보도 설치 부탁드립니다 ,7,10
공원체육,푸른길 자전거 보관대 관리 ,7,10
기타,남의 땅을 자꾸 건드려고 합니다,7,10
건설교통,산수시장 입구 대각선 주차 ,7,10
건설교통,현황도로 단독점유  차도 불법점유 ,7,10
기타,지적과는 핑계 대기 바쁘네요 ,7,10
기타,보란등 점멸 조치,7,10
건설교통,불법 주정차 단속 바랍니다,7,9
환경청소,체육관입구앞에 벤치,7,9
문화경제,현재 공모중인 사업을 엄정 지휘하여 주시길 바랍니다,7,9
건설교통,불법주정차 단속부탁드립니다,7,8
건설교통,충장로 명동약국 모퉁이 화분 및 간판 설치,7,8
환경청소,너릿재 유아숲놀이터 관리,7,8
도시건축,걸어가다가 다리 골절 당했습니다,7,8
도시건축,선거관리위원회 파해에 따른 조치요청,7,8
공원체육,무등산 산책로 난리났네 난리났어,7,8
도시건축,산 산사태 비가 내리면 천막 위로 흘러가야 할 빗물이 천막 밑으로 ,7,8
건설교통,학동 붕괴비리사건 규명,7,8
환경청소,소음,7,8
기타,꼬리에 꼬리를 무는 그날 이야기,7,8
환경청소,불법으로 남의 집 담장에 쓰레기폐기하는분 신고합니다 반드시 척결해주세요,7,7
도시건축,토사,7,7
건설교통,주차거울 설치,7,7
도시건축,동명동 번지입니다 우리집에 무단건축물이 어디있습니까,7,7
도시건축,건축허가를 받고 산을 깍은 후 방치된 산에서 비만 오면 흙탕물이 도로변으로,7,7
도시건축,심각하게 위험하네요,7,7
문화경제,일자리공유카페 타지역일자리를 광주광역시와 타지역으로 구분 게시 부탁드립니다,7,7
도시건축,이 건물 위법 건물 아닌가요,7,6
기타,법무감사관에 요청 드립니다 ,7,6
건설교통,주민에게 불편을끼치는 물건적재 ,7,6
도시건축,불법건축물 신고합니다,7,6
문화경제,문화전당 야간경관사업 공정하게 진행해주세요,7,6
기타,지적과는 왜 있는 건가요,7,6
건설교통,금남로가역 출구 물벼락 ,7,6
도시건축,위험합니다,7,6
도시건축,광신프로그레스 조경준공 허가해서는 안됩니다,7,6
기타,아시나요 ,7,6
도시건축,건물주가 폐기물을 방치하고 있습니다,7,5
건설교통,일방로 주차문제,7,5
환경청소,길고양이 배설물로 인한 피해 신고,7,5
환경청소,가로등 ,7,5
보건복지,거꾸로 가는 정책동구 문화센터 다자녀 할인혜택 폐지라니 ,7,5
건설교통,광주광역시 동구 충장로  명동약국,7,5
환경청소,계림동 길고양이 똥,7,5
도시건축,에어컨 실외기 단속이 왜 안되나요,7,5
건설교통,대로도로 노면 불량위험합니다 ,7,5
환경청소,길고양이 때문에 살수가 없네요,7,5
건설교통,의재로 번길 소방도로 불법주차 금지 및 거주자 우선 주차표시,7,5
도시건축,백서로 보행자 불편 개선요청 ,7,4
환경청소,나뭇잎이 떨어져서 주변이 더러워지고 있어요 ,7,4
기타,지적재조사 민원 ,7,4
건설교통,휠 및 타이어 손상에 대한 수리비용원 입금 요청,7,4
건설교통,푸른길분수공원 노점단속 부탁드립니다,7,3
보건복지,계림동 복합행정복지센터건립해주세요,7,3
기타,남광주주차장은 누구을 위한,7,3
기타,남광주시장 광장주차장은 누구을 위한 주차장,7,3
건설교통,법원앞 택시 승강장 표지판 정비 ,7,3
건설교통,공사차량 자주 지나다녀서 도로 금이가서 도로포장요청,7,3
공원체육,다목적체육관 시설 보강 요,7,2
기타,지적과는 정신 차리세요,7,2
도시건축,옆에 대형건설현장 때문에 건물에 균열이 가고 유리창도 깨지고 너무 무섭습니다 현장확인 후 조치바랍니다,7,2
건설교통,학동구역 붕괴사고 ,7,2
도시건축,학동구역 사고 ,7,2
도시건축,학동 공공편의시설 부족 ,7,2
공원체육,푸른길공원산책로 관련 불편사항입니다,7,1
건설교통,몇번 민원넣었다가 그간 바빠서 잊고 있다가 다시금 민원넣습니다 ,7,1
미담사례,기획예산실 신은희 주임님을 칭찬합니다 ,7,1
공원체육,풀벅,7,1
도시건축,표시판 보수 철거요청,7,1
도시건축,불법건축물신고합니다,7,1
도시건축,관리주체 문서 공개 업무처리 부당,7,1
기타,편의점 내 음주 신고,7,1
기타,지적재조사 민원 ,7,1
도시건축,불법건축물신고합니다,7,1
환경청소,건축폐기물 방치 신고합니다,7,1
도시건축,현승님,7,1
도시건축,산수동한국건설 나무벌목,7,1
도시건축,학동붕괴사고,7,1
건설교통,도로반사경 설치 왜 안해주시나요,7,1
기타,버려진 포크레인 신고합니다,7,1
건설교통,푸른길 두산위브 차아파트 앞 도로 침하문제 해결바랍니다,7,1
기타,위생과 직원 민원인과 스피커폰 통화 ,7,1
기타,현장 오신다니까 하는 말인데,6,30
환경청소,길거리 흡연구역,6,30
도시건축,학동 붕괴 사고,6,30
건설교통,불법주정차,6,30
건설교통,공영주차장 카드결제,6,30
환경청소,답변부탁드려요 ,6,30
건설교통,통행불편 ,6,30
도시건축,광신건설 측의 발전기 사용으로 인한 소음 및 냄새,6,30
환경청소,도로청소,6,30
기타,지하철 공사먼지가림막과 방음부스 설치 부탁 ,6,29
건설교통,산수동 도로공사에 대해,6,29
환경청소,골목길 청소 요청 및 출입금지 조치 요청,6,29
도시건축,학동참사,6,29
도시건축,학동 붕괴 참상,6,29
도시건축,학동구역에 대해서,6,29
기타,민원인 이름을 거론하며 댓글 단 공무원 정신 차리세요,6,29
도시건축,학동참사에대해서,6,29
도시건축,학동구역 붕괴사고에 대해서,6,29
도시건축,학동구역 붕괴사고에 대해서,6,29
도시건축,입주 초 준공 안된 아파트에 입주시킨 동구청,6,28
도시건축,학동구역과 동구청에 바람,6,28
도시건축,학동 구역 붕괴책임,6,28
기타,지적재조사 민원,6,28
도시건축,동구청장님께 올립니다,6,28
건설교통,지산유원지 공용주차장에 전기차충전시설 만들어주시면 감사하겠습니다 ,6,28
도시건축,산수동 한국건설,6,28
도시건축,아파트 근처 공사소음,6,28
건설교통,산수동 도로확장 공사 소음,6,28
도시건축,민원처리 완료분류,6,28
공원체육,새벽 시에 놀이터소음 ,6,28
기타,생활불편신고 ,6,28
보건복지,생계지원금,6,27
건설교통,불법 현수막 철거 ,6,27
환경청소,쓰레기태움,6,27
기타,신고 ,6,27
도시건축,감리선정방식,6,27
도시건축,집앞 건물 신축공사 일요일 새벽 소음,6,27
공원체육,동적골 가로등,6,26
환경청소,아침에 음식물쓰레기차 싸이렌소리,6,26
건설교통,불법주정차 단속좀 해주세요,6,25
건설교통,보행자를 위협하는 이중주차 실태를 고발합니다 ,6,25
도시건축,다시 한번 문의 드립니다,6,25
도시건축,구와산 산책로는 누가 왜 폐쇄하나요,6,25
도시건축,그늘막설치 ,6,25
건설교통,불법 건축행위를 신고합니다,6,25
기타,지적불부합지일수록 과정 설명이 필요하지 않을까요 ,6,25
도시건축,학동 재개발 지역 문의,6,25
기타,상수도 수질 관리 좀 해주세요필터가 일만에 까맣게 변했습니다 ,6,25
도시건축,논의 사항 통보,6,25
도시건축,충장로 과도한 불법입간판 조치부탁드립니다,6,24
환경청소,산수동 통통장터 공공화장실 악취,6,24
도시건축,보도 수리요청,6,24
도시건축,가로등 수리요청,6,24
공원체육,지원동 골드크레스 하천변 녹지지대 소나무 고사,6,24
환경청소,해충으로 너무힘들어요,6,24
보건복지,주거생활권 침해흡연문제 ,6,23
기타,지적재조사 재미있는 사업입니다,6,23
건설교통,사각지대 볼록거울 설치 요청 ,6,23
환경청소,운림동  치유요양병원 하수처리 민원 ,6,23
건설교통,불법 주차 단속 바랍니다,6,23
건설교통,조선대병원 후문쪽 불법 주정차 단속해주세요,6,23
환경청소,동명동 도시 재생사업 동네 심각한 쓰레기문제,6,22
환경청소,불법작물경작,6,22
기타,학운동 주민센터 근무태반 및 불친절,6,21
문화경제,문화전당 야간경관 사업의 공정한 평가를 원합니다,6,21
공원체육,풍향놀이터,6,21
건설교통,상가앞문앞 주차,6,21
도시건축,구청장님 도와주세요 ,6,21
도시건축,건축물 신축공사중 문제가 없는지 알려 주시면 좋겠습니다,6,21
환경청소,산수동 푸른길과 공공 화장실 하수수 냄새가 심각합니다,6,21
도시건축,비공개회의,6,20
도시건축,이 곳은 언제 정비가 될까요,6,20
환경청소,음식물쓰레기 에 관해서 ,6,20
도시건축,청장님 노고가 많으시네요,6,20
환경청소,광주천변 나무에 붙은 쓰레기 제거 요망,6,19
도시건축,즉시 공고에 대하여,6,18
건설교통,임택 동구청장님 귀하 ,6,18
건설교통,신호등주위불법주차,6,18
건설교통,맨홀뚜껑소음,6,18
기타,석유업체 불법 허가 부분 ,6,18
기타,텃밭 관련 민원입니다 ,6,18
건설교통,지산휴먼시아 오르막길 신호등 앞 ,6,18
도시건축,답변의 범위,6,18
기타,아니 좀 민원인 말 좀 이해를 하고 답변 하세요,6,18
기타,답변할 때 민원인 이름 거론해도 되는지,6,18
기타,진짜 계속 똑같은 답변만 하네요,6,18
건설교통,소음 교통 노숙자,6,17
건설교통,제순환도로 지산동 단사공원 진입에 따른 우려사항 검토요망 ,6,17
공원체육,빛고을 산들길 잡초제거화산마을분적산 오르는 등산길요청 합니다,6,17
기타,자동차 취득세 억울합니다,6,17
건설교통,안전조치 미실시 ,6,17
도시건축,도로와 집앞 아스파트길 패임,6,17
도시건축,불법증축,6,17
건설교통,불법주정차 지속적으로 단속 좀 해주세요,6,17
기타,집에서라도 제발 편히 쉽시다,6,17
도시건축,부실공사 묵인해준 감리업체,6,17
환경청소,주거생활권 침해문제 시정조치,6,17
환경청소,상습 불법 쓰레기 투기자 적발 요청 ,6,16
문화경제,세금이 꼭 필요한곳에 쓰여지길 바랍니다,6,16
건설교통,동명동 푸른길 공영주차장 일방통행로,6,16
환경청소,씽크홀,6,16
기타,지적재조사 사업 땅 면적 모른채 진행한다 ,6,16
기타,골목길 안전보안등,6,15
환경청소,주거생활권 침해를 막아주세요,6,15
환경청소,불법쓰레기 스티커만 부착하면 되는건지요,6,15
건설교통,개념없는블법주정차 ,6,15
도시건축,선거관리위원회 업무처리부당 재질의 ,6,15
환경청소,대지 방치하여 이웃집에 피해 및 환경오염 초래,6,15
문화경제,평생교육원 대금수업 하반기에도 원합니다,6,15
환경청소,산책로 주변 예초작업 요청,6,15
도시건축,즉시 공고,6,15
보건복지,모기등 각종 해충관련 방역,6,15
환경청소,모기가 너무 많아요 ㅠㅠ,6,15
기타,합동분향소 관련 문제제기드려요,6,14
기타,다시 기름냄새 피해 및 화재 때문에 걱정됩니다 ,6,14
기타,동구문화센터수영장,6,14
기타,학동 붕괴사고 희생자 합동분향소 관련,6,14
기타,남광주시장 노점상 및 수족관 파라솥 관련 구청장님께 ,6,14
건설교통,녹동마을옆개울다리는언제,6,14
기타,지적재조사 사업 내 땅에 대한 권리는 철저히 무시하는 사업,6,14
기타,지적재조사 사업 진행시 지적불부합지일수록 주민들에게 면적에 대한 부분을 알려줘야 하는게 맞는 거 아닌가요 ,6,14
도시건축,위험해요,6,14
기타,전남대 응급실 건너편 대형 화분 치워주세요,6,14
도시건축,도로변 에어컨 실외기,6,14
도시건축,구청장님 저희아파트계단철거 공사가 안전한가요,6,14
기타,대인동 영무파라드 층 공사중 술집 소음,6,13
환경청소,생활하수 유입 문의 ,6,13
환경청소,용산지구  앞 편의점 소음 용산어린이공원 쓰레기,6,13
기타,고양이 사체ㅠ,6,13
도시건축,가로등고장신고,6,13
기타,석유업체 관리 행태 소홀 번째 민원 ,6,13
건설교통,계림아이파크 건설현장 앞 사거리 교통신호요청드립니다,6,13
환경청소,생활환경 관련입니다,6,13
도시건축,학동증심사역 환풍기가림막필요위험 ,6,12
기타,유치원 학교등 사각지역에  설치필요 ,6,12
환경청소,산쪽으로 주변으로 방역필요해요,6,12
건설교통,동구 참판로 주정차관련,6,12
건설교통,학동 붕괴사고 현장 가림막 설치요청 ,6,12
기타,실외기 소음 및 열풍,6,12
공원체육,운동기구 보수,6,12
도시건축,공동주택계님 참고하세요 ,6,12
건설교통,대한민국에서 가장 위험한 어린이보호구역 ,6,12
건설교통,지원구역 주택재개발 정비사업 현장 소음관련 작업개시 시간 규제바람니다,6,12
건설교통,주차민원,6,11
건설교통,교통 개선 요청,6,11
환경청소,코로나 위생소독 장소 ,6,11
도시건축,계단철거,6,11
건설교통,도로 정비,6,11
건설교통,에어컨 실외기 문제,6,11
도시건축,이쯤 되면 리콜 ,6,10
도시건축,입주민이 현존하는 아파트안에서 계단 골조 철거작업,6,10
건설교통,동구청장님 퇴진하시는게 도리가 아닐까요 ,6,10
건설교통,월남동 과속방지턱 설치요망 ,6,10
도시건축,정말 정상적인 공사상황인지 답변주세요,6,10
건설교통,지원동 광주남초등학교공사피해 ,6,10
건설교통,지산 진출로 입구 공사 현장에서 사고가 났습니다,6,10
건설교통,나도 당신도 맡은바 소임을 다하자,6,10
미담사례,칭찬합니다,6,10
건설교통,신호등이 가로수의 나뭇잎에 가려서 잘 보이지 않습니다,6,9
환경청소,배기소음신고,6,9
건설교통,끼어들기차량 단속요청,6,9
공원체육,동구다목적 체육관 이용 불편 민원,6,9
공원체육,동구다목적체육관의 행정 편의주를 고발한다,6,9
도시건축,선거관리위원회 업무 처리 부당,6,9
공원체육,용산체육공원 폭죽놀이,6,8
공원체육,지산유원지 가는 인도 ,6,8
건설교통,학운  방면 주택가 사이렌소리,6,8
공원체육,동적골 산책로 도로 ,6,8
건설교통,일방도로 주정차위반 단속개선 요청,6,8
환경청소,광주천 수질,6,8
기타,더러워진 태극기  ,6,8
기타,업무용 휴대폰,6,8
공원체육,동구다목적체육관의 안일한 시간운영의 시정을 촉구합니다,6,8
건설교통,두산 차  차 아파트 사이 신설도로 횡단금지용 중앙분리봉 설치 필요합니다,6,8
도시건축,도로변 가로등 점등해 주세요,6,8
건설교통,황금동 노점단속,6,8
건설교통,소음 ,6,7
건설교통,가로등 고장,6,7
기타,석유업체 근처 담배꽁초 관리 ,6,7
기타,텃밭 관련 답변 보았습니다,6,7
공원체육,운동장 이용에 관해 문의드립니다,6,7
건설교통,버스승강장 싱크홀 ,6,7
문화경제,고등학교 앞 불법 현수막 철거부탁 드립니다,6,7
보건복지,소음민원,6,7
건설교통,광주 동구 지호로  도로에 불법 방지턱설치,6,6
건설교통,동구 임택청장님은 주차정책 시행을 이렇게 밖에 못하십니까,6,6
환경청소,담배꽁초쓰레기,6,6
보건복지,동명동 옥외영업,6,5
기타,동명동 전남여고쪽 쓰레기 분리수거함 설치 요청 ,6,5
건설교통,주정차 관련,6,5
기타,동명동 주차 관련,6,5
기타,장통로동명동가로등교장 ,6,5
건설교통,노후도로 파손집수정 교체요청의 건,6,4
건설교통,장기 주차 관련 문의,6,4
도시건축,미관지역 불법건축물 신고 합니다,6,4
도시건축,광주 마사회 건물 상단 유리 빛반사로 인해 실명이 될 지경입니다 마사회 건물의 상단 모든 유창에 빛반사가 되지 않게 필름 부착등의 개선 요청 드립니다,6,4
건설교통,지원동 영락교회남초등학교 골목 포트홀,6,4
기타,산수동 행정복지센터 민원처리 ,6,4
환경청소,쓰레기 배출장소 위반에 대하여 단속 요망,6,4
문화경제,강소형 관광지 동명동,6,4
환경청소,상습 불법 쓰레기 투기자 신고합니다,6,3
기타,위험물차 사람 지나다니는 곳 앞에 버젓히 주차 민원 ,6,3
도시건축,보행자도로 땅이 꺼져있어 다침,6,3
건설교통,오토바이 불법주차 ,6,3
건설교통,인도 한가운데 주차하는 전동킥보드 단속요청합니다,6,3
도시건축,질의 요지,6,3
환경청소,대인동 오래 방치된 자전거 ,6,2
보건복지,음주운전,6,2
도시건축,주민들의 안전을 뒷전으로 하는 동구청 건축 담자자 보세요,6,2
도시건축,정상적인 공사 상황인가요,6,2
건설교통,공용주차공간 사유지화 민원요청 ,6,2
건설교통,두산차 신호등과 야간가로등켜주세요,6,2
건설교통,동명동 주차,6,2
건설교통,푸른길 전동 퀵보드 통행 통제,6,2
도시건축,학마을아파트 관리주체의 공동주택관리법 위반 신고 ,6,2
도시건축,질의의 요지,6,2
보건복지,경로당,6,1
문화경제,동구 푸른마을공동체 센터,6,1
건설교통,불법주정차와 불법 입간판,6,1
보건복지,동명동의 심각성 ,6,1
건설교통,불법주청차신고합니다,6,1
문화경제,산수시장간판이 어느때부터 안켜지네요 ,6,1
기타,소음,6,1
건설교통,충장로 노점상,6,1
건설교통,한시적 주차시간 조정 ,6,1
건설교통,교통사고다발지역반사경설치,6,1
환경청소,바퀴벌레가 너무 많이 나옵니다 방역 요청드립니다,6,1
건설교통,도로위 적재물 치워주세요,6,1
환경청소,편의점 앞 벤치때문에 새벽마다 힘듭니다,6,1
도시건축,피난계단이 무너져 내리고 있는 모습앞에 처참한 입주민 마음을 아시나요,5,31
건설교통,도로 방치된 블럭자제,5,31
기타,하수도문제 민원 접수합니다,5,31
도시건축,동명동 어울림센터 건축관련 심각한 사생활 침혜,5,31
건설교통,인도가 푹 꺼져 있습니다,5,31
건설교통,불법주정차 단속 및 주정차 차단봉 설치 요청 ,5,31
보건복지,동구에는 거지가 많아요 ,5,31
건설교통,소음,5,31
환경청소,도시에 텃밭 크게 경작 가능한가요,5,31
기타,동명동 강아지 똥 안 치우시는 분들 많네요 ,5,31
공원체육,산수동 문화마당 통통장터에 중앙에 쓰레기 분리수거설치 옳은 행정인가요,5,31
건설교통,가로등,5,30
환경청소,방역민원 신청합니다,5,30
환경청소,생활환경 관련입니다,5,29
건설교통,무등중 앞 상수도공사후 지반에서 물올라옴 ,5,29
건설교통,번호판 미인식으로 불수용,5,28
환경청소,소음이 심해요,5,28
환경청소,자꾸 무언가를 태웁니다 ,5,28
보건복지,민주유공자의 종 의료보험혜택에 관해,5,28
건설교통,불법주정차,5,28
도시건축,공사소음,5,28
건설교통,큰 소리로 놀래요,5,28
도시건축,선관위원장 직무대행 역할,5,28
건설교통,살레시오여고 일방로 오토바이 주차단속 ,5,27
도시건축,보도블럭 꺼짐,5,27
건설교통,공사차량 불법인도점령 및 차량방지봉 훼손,5,27
기타,반려동물 키센티미터 등록제시행,5,27
도시건축,인도땅꺼짐,5,27
환경청소,비둘기 밥주는 분이 계십니다,5,27
문화경제,영어회화,5,27
도시건축,가로등 불이 안들어와요,5,26
기타,부가가치세 또는 종합소득신고 ,5,26
건설교통,동명동 거주자 우선 주차,5,26
보건복지,동명동의 심각성,5,26
보건복지,다시 위생민원신고합니다,5,26
도시건축,늘어진 전기줄 ,5,26
건설교통,조선대 사거리 법원방향 직진차선 개선바람 ,5,26
도시건축,광신건설 도둑공사,5,26
건설교통,통행불편,5,26
도시건축,선교지구,5,26
건설교통,도로 맨홀이 너무 낮아 운전하는데 위험합니다,5,26
도시건축,선관위원 불법 선출 고발,5,25
환경청소,가로수 전지 작업 후 청소 불이행,5,25
건설교통,불법주차 강력히 단속해 주세요,5,25
건설교통,도로파손으로 인해 어르신들이불편을느끼십니다,5,25
미담사례,동명동행정복지센터 직원분 칭찬합니다 ,5,25
도시건축,슬레이트 지붕이 위험해요,5,25
건설교통,무등산관광호텔 올라가는 입구철조망 철거,5,25
건설교통,주차단속에 대해,5,25
건설교통,관리규약 개정,5,25
기타,충장로 시내 특정매장이 너무 시끄럽습니다,5,25
도시건축,가로등정비,5,25
건설교통,건설현장 먼지 ,5,25
건설교통,시내 노점상,5,25
환경청소,도로변 맹견 사육,5,25
건설교통,파손된 인도 규제봉 정비 바랍니다 ,5,25
보건복지,계림동 메가커피 위생민원,5,25
건설교통,예술의거리입구 버스정류장 앞 도로파임 ,5,24
공원체육,장원정 시계약 넣어주세요,5,24
환경청소,우천시 하수도 역류,5,24
건설교통,하천옆 비좁은 도로 차량통행 출입금지 조치해 주세요 ,5,24
도시건축,동구청과 광신건설,5,24
도시건축,처음부터 피난계단 설계도면은 있었습니까 ,5,24
도시건축,입주민 동의없는 불법계단공사,5,24
도시건축,광신건설 동구청은 피난계단공사에 대해 사과부터 하세요,5,24
건설교통,관리규약 개정제안 ,5,24
도시건축,광신계단공사중지시키십시오,5,24
도시건축,동구청 건축과의 불성실함과 무책임,5,24
도시건축,현재 건축과의 무기력한 업무에 분노합니다,5,24
건설교통,문제의 광신건설사와 동구청,5,24
도시건축,동구청 건축과의 차선도로공사 ,5,24
건설교통,아파트 입주민의 재산권을 침해당하는 공사가 진행되고 있습니다,5,24
도시건축,불법건축 불법승인,5,24
도시건축,도시계획이라는 단지내도로 누구작품인가요,5,24
도시건축,모든 불법에 승인하고 묵인하는 동구청책임자를 반드시 처벌을 요구합니다,5,24
도시건축,모든 불법에 승인하고 묵인하는 동구청책임자를 반드시 처벌을 요구합니다,5,24
건설교통,조폭 건설사 광신 ,5,24
건설교통,무등산 명지로드힐 도로 공사로 인한 영업피해 및 소음진동,5,24
도시건축,땅 꺼짐보완,5,24
건설교통,가로등 수리,5,23
도시건축,공사 소음줄여주세요,5,23
기타,마트소음,5,23
기타,계림동치안,5,23
보건복지,스크린경마장 노마스크단속 요망,5,23
공원체육,산책로 가로등 정비 및 제초작업 요망,5,22
도시건축,공사로 인한 주거생활피해 ,5,22
환경청소,동명병원 지금 오후 부터 쭉 공사소음 심각,5,22
건설교통,실외기 바람 관련 문의드립니다,5,22
기타,제초 ,5,22
도시건축,계림동 집앞 배수시설 문제 해결바람,5,22
도시건축,인도 경사각 확인 요망,5,22
보건복지,계림동 메가커피 위생신고합니다,5,22
도시건축,대인동 술집 앞 테라스문제 복도 공용구간 사용,5,21
건설교통,불법주차신고합니다,5,21
환경청소,여름인데 내 집에서 문을 열 수가 없습니다 ,5,21
건설교통,광주천 자전거도로 공사 잘좀 해주세요,5,21
건설교통,스쿨존 내 도로 보수 요청 ,5,21
기타,마트 소음공해,5,20
기타,새벽 편의점 노상 음주 고성방가,5,20
건설교통,황금동 노점상 단속 촉구,5,20
기타,글을 읽어보시고 개선 부탁 드립니다,5,20
미담사례,육아종합지원센터 최고 ,5,20
도시건축,가로등고장,5,20
건설교통,월남동 버스차고지 이전 관련,5,19
건설교통,사고다발지점,5,19
도시건축,무효와 복권 후 이전 수당 지급,5,19
건설교통,동명병원 신축공사는 휴일에도 진행 중 ,5,19
건설교통,불법 적재물 처리요망,5,18
건설교통,동명동 동밖어울림센타 리모델링공사 현장관련 하자민원,5,18
환경청소,일에 방역요청했는데 아직도접수중이네요,5,18
도시건축,불필요한 사항 시정 요청 ,5,18
건설교통,여전한 대각선 주차를 뛰어 넘어 이중주차,5,18
도시건축,제대로 일 못하는 공동주택계를 고발합니다,5,18
기타,청장 비서실에 공개 요청합니다 ,5,18
기타,애완견 문제가 사는데 애로사항입니다 ,5,18
건설교통,불법 주정차 단속이 문제가 아니네요,5,17
건설교통,불법 적재물 처리요망,5,17
도시건축,도로공사로인한 피해,5,17
도시건축,건물 층 주차장에 불법으로 창호와 폴딩 도어를 설치해서 가게 운영중인 곳을 신고합니다,5,17
환경청소,계림교회 빛 공해저녁에 십자가 전광판 불을 못켜도록 해주세요 너무 너무 불편합니다 ,5,17
환경청소,계림동 그랜드센트럴 기부체납 공원 청소,5,17
기타,옥상에서 개가 미친듯이 짖어요 ,5,17
도시건축,입주민이 방역 안전수칙에 의거한 공사민원을 제시한것도 공사방해가 되나요,5,17
도시건축,건축물 신고,5,16
기타,지방 공휴일에 대한 질문,5,16
건설교통,여전한 대각선 주차 ,5,16
환경청소,원일정화 분뇨수거 회사,5,16
환경청소,식당매연및도로화분점유,5,15
건설교통,도로 불법적치물 관련,5,15
도시건축,에어컨실외기 설치기준과 위반시 처벌은,5,15
도시건축,관리주체의 관리,5,15
환경청소,동명동 주택가 쓰레기 문제가 해결되지 않고 있습니다,5,15
건설교통,개인주택앞 장기간 방치차량 조치요청,5,14
건설교통,빈집이 허물어지려고해요,5,14
건설교통,빈집이 허물어지고 있어요,5,14
건설교통,교통사고 유발 위험 인도 불법 적치물,5,14
보건복지,코로나 세이상 코로나 예방접종 순서에 대하여,5,14
보건복지,안녕하세요,5,14
건설교통,동구청 건축과장님께,5,14
건설교통,남문로 번길 아스콘 노후화 포장복구에 대한 물고임 민원 처리 건,5,13
건설교통,현수막 철거 부탁드립니다,5,13
건설교통,사망사고 아니여서 다행입니다 ,5,13
도시건축,위험한 계단공사 막아주세요,5,13
도시건축,광신 입주민의 재산을 지켜주세요,5,13
도시건축,광신건설의 비상계단 공사,5,13
도시건축,광신건설은 입주민동의없이 계단을 부수고 있습니다,5,13
도시건축,규격에 안맞는 계단공사 해놓고 이제와서,5,13
환경청소,공사현장및주변주택에 방역해주세요,5,13
도시건축,계단난간을 함부로 부수지 마세요,5,13
건설교통,산수동 광신건설 광신프로그레스 아파트 방역수칙위반 공사 신고합니다,5,13
도시건축,상가피난계단공사 후 계단손잡이도 제대로 안박아놓은 광신건설,5,13
환경청소,공공공지 예초 바랍니다 ,5,13
환경청소,특정공사사전신고와 승인,5,13
건설교통,현수막 철거 부탁드립니다,5,12
환경청소,계림교회 빛 공해십자가 전광판 불 좀 꺼주세요,5,12
도시건축,해촉을 동의한 입주민들에 동의서,5,12
건설교통,소상공인 죽이는 민원 신청 하는 사람 보시오,5,12
건설교통,소상공인 죽이는 민원 신청 하는 사람 보시오,5,12
건설교통,인도 차량 규제봉 및 보도블럭 파손,5,12
건설교통,횡단보도옆 햇빛차광 대형 양산,5,12
환경청소,철거 배출물 성상별 처리,5,12
환경청소,철거공사 작업개시 시간,5,12
도시건축,계림스테이션 인허가 지연 요청 건,5,11
도시건축,코로나가 더 심해지고 있는데 피난계단공사 말도안됩니다,5,11
건설교통,불법현수막 철거요청,5,11
환경청소,하수구 냄새,5,11
보건복지,선별진료소 점심시간은 시부터 아닌가요,5,11
도시건축,학구역,5,11
환경청소,계림동 그랜드센트럴 기부체납 공원 청소,5,11
건설교통,교통 불편불법주차단속 요청,5,10
건설교통,계림초 아이들을 지켜주세요 ,5,10
건설교통,밤길안전을 위한 가로등 교체 및 파손 도로 포장 요청,5,10
건설교통,산수오거리 주차단속,5,10
건설교통,용산지구 둘레길을 안전하고 쾌적한 산책로 만들어주세요,5,10
건설교통,충장로 노점상 단속 촉구,5,10
공원체육,산수공원 잣나무 ,5,10
건설교통,맨홀 뚜껑 수평유지 시급,5,10
건설교통,그랜드센트럴 울타리 설치 허가바랍니다,5,10
환경청소,학지구 철거공사 불편,5,10
공원체육,공원 볼라드 설치 부탁드립니다 ,5,9
환경청소,용산지구 아파트 뒤쪽길에 농작물경작금지,5,9
건설교통,아파트공사 소음,5,8
기타,늦은밤 소음 신고,5,8
환경청소,흡연장소,5,8
기타,신규 아파트관련 구청장님 확인해 주시기 바랍니다,5,8
건설교통,민원,5,8
환경청소,대문앞 쓰레기 수거 장소 변경 요청,5,8
공원체육,학동에도 공원과 작은도서관 필요산책 및 쉴 공간이 없음,5,8
환경청소,학동 구역재재발구역 철거 피해,5,8
환경청소,흡연과 노상방뇨,5,8
건설교통,아스팔트 패임과 도로 겹치는 지점 위험,5,8
건설교통,그랜드센트럴울타리반대합니다,5,8
문화경제,궁금합니다동구도서관 전자책 서비스,5,8
도시건축,그랜드센트럴 휀스설치 필요합니다 ,5,7
기타,푸른길 ,5,7
도시건축,땅투기 및 주변환경오염 지목변경 요청,5,7
미담사례,청소행정과 윤섭현 계장님을 칭찬합니다 ,5,7
도시건축,그랜드센트럴 울타리 시급해요,5,7
도시건축,그랜드센트럴 신속한 울타리설치,5,7
환경청소,그랜드센트럴 울타리 꼭 필요합니다,5,7
기타,그랜드센트럴 울타리 설치 시급 마사회 등,5,7
환경청소,그랜드센트럴 울타리설치 찬성합니다,5,7
기타,그랜드센트럴 울타리설치필요합니다,5,7
환경청소,산책로 주변 농작물 및 시설휀스 등 철거 요청 ,5,7
도시건축,그랜드셀트럴 울타리 시급합니다,5,7
환경청소,그랜드센트럴 울타리설치,5,7
기타,그랜드센트럴 울타리 적극 찬성합니다,5,7
도시건축,그랜드센트럴 울타리 꼭 필요합니다,5,7
도시건축,그랜드센트럴 울타리 설치 찬성합니다,5,7
건설교통,현실이 이렇습니다,5,7
건설교통,동구 그랜드마트 도로 점용하여 물건 적재합니다,5,7
도시건축,중흥초등학교 통학로 개선,5,7
기타,늦은 밤 소음 신고,5,7
도시건축,그랜드센트럴울타리,5,6
건설교통,대각선 주차 ,5,6
기타,그랜드센트럴 통 통장 해촉을 원합니다,5,6
건설교통,동명동 삼미집에서 동명청과 사이 도로 횡단보도 설치해주세요 ,5,6
건설교통,도로 무단 점용 신고합니다,5,6
건설교통,동구 그랜드 센트럴 문 못 달게 해주세요,5,6
도시건축,용산지구 에어컨실외기 단속해달라고요,5,6
도시건축,선관위원 모집 파행,5,5
건설교통,교통신호기 작동 해주세요 ,5,5
건설교통,예비신호 ,5,5
도시건축,주차장 불법건축물,5,5
건설교통,동구 경양로 그랜드 센트럴 울타리 허가 금지요청,5,5
건설교통,광주동구 문화전당로 번길 ,5,5
공원체육,파골프장 ,5,4
보건복지,테라스영업,5,4
도시건축,불법에어라이트간판,5,3
도시건축,산수동 가로등 불빛이 들어오지 않습니다,5,3
기타,건설과성실하고이해가능한 답변부탁드림니다정말로너무너무하십니다이건아님니다,5,3
공원체육,천변산책로 가로등 점검요망,5,3
환경청소,생활환경 관련입니다,5,3
건설교통,이런 차가 이렇게 주차해도 되는 지요 ,5,3
환경청소,쓰레기 및 재활용품 불법 배출장소 신고 ,5,2
환경청소,  민원에 대한 불법 쓰레기 사진 첨부,5,2
환경청소,불법쓰레기 투기자 신고합니다 ,5,2
환경청소,불법 쓰레기 투기자 신고합니다 ,5,2
건설교통,계림 센트럴파크 울타리 문제,5,2
건설교통,교통사고다발지역 ,5,2
미담사례,,5,2
건설교통,푸른길 옆 병원 공사현장 관련,5,2
도시건축,동구 그랜드센트럴 울타리 설치 반대합니다,5,1
환경청소,구시청 사거리 거지 아저씨 신고합니다 ,5,1
환경청소,비교합니다 ,5,1
도시건축,계림 센트럴파크내 펜스 설치 반대,5,1
도시건축,계림센트럴 아파트와 상가를 분리하는 펜스설치 결사반대합니다,5,1
도시건축,누구하나 죽어나가야 끝날 싸움이 될까요,4,30
건설교통,불법주차 단속하신다면서요,4,30
건설교통,계림동 그랜드센트럴 맞은편 공용 주차장 없애주세요 사고의 위험이 커요,4,29
건설교통,대인교회앞 인도 노숙자불법적제물,4,29
공원체육,계림동 그랜드센트럴 단지 팬스치는 것 반대합니다 ,4,29
도시건축,아파트 출입구 관련 ,4,29
건설교통,서로 상생하도록 도와주세요 ,4,29
건설교통,계림교회 경사로길,4,29
환경청소,대인교회 앞 노숙인 불법 척지물 좀 치워주세요또 쌓아놨어요ㅜㅜ,4,29
건설교통,교통과 문의,4,29
건설교통,주정차 위반 관련,4,29
도시건축,광주 마사회 건물 상단 유리 빛반사로 인해 실명이 될 지경입니다 마사회 건물의 상단 모든 유창에 빛반사가 되지 않게 필름 부착등의 개선 요청 민원드립니다 ,4,29
미담사례,동명동 오승연 직원분 고맙습니다 ,4,28
기타,문화전당 주변 소음 ,4,28
기타,소음 ,4,28
기타,동구청 앞 소음 ,4,28
환경청소,비둘기똥으로 지저분해요,4,28
건설교통,먼지,4,28
도시건축,퇴근시간때만돼면녹동마을주변도로가차들로날리고요,4,28
도시건축,해도 넘 단속해주세요 ,4,28
건설교통,용산교 모퉁이 정비요청 드립니다,4,28
건설교통,그랜드센트럴 주변 안전 휀스 도대체 언제 보수설치 해주실건가요,4,28
환경청소,광주대인교회 앞 보행로에 노숙인의 불법 점유 적치물 제거 해주세요,4,28
기타,보행자안전을 위한 차도와 인도 구분턱 설치 요청 번째,4,28
환경청소,생활 환경 관련입니다,4,28
환경청소,쓰레기 및 재활용품 배출시간 ,4,28
건설교통,대표회의 안건 ,4,27
환경청소,주민불편민원,4,27
기타,지방소득세 체납세 돌려달라,4,27
도시건축,광역시 땅을 안방처럼 쓰고있으며 노인들이 앉아있음 소금을 한 바가지 뿌립니다,4,27
환경청소,쓰레기 관련 문의 입니다,4,27
건설교통,안녕하세요 ,4,27
건설교통,민원,4,27
환경청소,재활용 수거 부탁드려봅니다 ,4,27
건설교통,가로등 확인바랍니다,4,27
건설교통,방지턱 함몰,4,26
건설교통,동구월남동녹동옆개을에다리가설 ,4,26
도시건축,민원,4,26
보건복지,코로나 예방접종 안내하는 직원 바꾸세요,4,26
기타,내남지구텃밭 ,4,26
건설교통,출근시간에 좌회전 신호를 켜주시기 바랍니다 ,4,26
건설교통,민원 ,4,26
보건복지,코로나로 영업시간 변경후,4,26
도시건축,계림동 소음,4,25
환경청소,동구 구시청 사거리 거지 아저씨를 신고합니다 ,4,25
공원체육,신양파크호텔부지 ,4,25
환경청소,김치 상추 마늘 재활용,4,25
건설교통,보안등 타이머 조정,4,24
환경청소,하수도 청소 및 방역,4,24
환경청소,인도 소공원 조성 이후에도 완벽 마감 바랍니다 ,4,24
환경청소,계림동 그랜드센트럴 기부채납 공원 청소,4,24
환경청소,화단파손 ,4,23
도시건축,건축물신고,4,23
건설교통,불법주정차지방치한차지,4,23
건설교통,공사장,4,23
도시건축,주출입구 없는 아파트건축,4,23
공원체육,고사된 나무 교체 요청,4,23
건설교통,하수도공사로 인한 불편,4,23
도시건축,흐남맨션조합사업 주출입구관련,4,23
건설교통,산수동 명지로드힐 자정이후 건축소음,4,23
건설교통,가로등 수리요청 ,4,22
미담사례,코로나 백신 접종 관련분들에게 감사드려요 ,4,22
건설교통,입주자대표회의 안건 ,4,22
건설교통,지원동동사무소 앞 도로,4,22
도시건축,건축과 곽윤채주무관님,4,22
미담사례,다회용컵 사용에 앞장선 멋진고객,4,22
미담사례,주민을부모와같이모시는우리동장님 ,4,22
건설교통,편의점 야외 테라스 문제,4,22
공원체육,동구 체육회 산하 조직의 불법적인 행위를 신고하고자 합니다,4,21
건설교통,대표회의 안건 ,4,21
기타,세이상 코로나바이러스 접종 수송관련 문의드립니다,4,20
환경청소,불법쓰레기 처리 및 투기자 적발 요망 ,4,20
건설교통,어린이속도제한구역 ,4,20
도시건축,공동주택 용어,4,20
공원체육,지원동 골드클래스 옆 녹지지대 고사목 식재요청,4,19
기타,주택 대형견,4,19
보건복지,대표회의 안건,4,19
공원체육,벤치를 설치해주세요,4,19
보건복지,확인부탁드립니다,4,19
환경청소,오토바이 배기소음,4,19
건설교통,학운동 전기차충전소 고장 수리바랍니다,4,18
기타,언제 보나요 ,4,18
환경청소,학지구 건설폐기물 비산먼지 관련,4,18
환경청소,계림동 공금동 주무관님 칭찬합니다 ,4,17
도시건축,건축과장님 귀하,4,17
미담사례,동 명동 직원 칭찬 합니 다 ,4,17
건설교통,계림동성당입구 도로상황,4,17
건설교통,버스정류장앞 승객 보호,4,17
환경청소,동산로얄 등산로입구쪽 쓰레기,4,16
공원체육,동구스포츠클럽의 코트 독점행위와 클럽 외 사람 운동 못 하도록 압박행위 건,4,16
건설교통,천변좌로 번길 주정차단속 문의합니다,4,16
건설교통,공사장트럭공포유발,4,16
공원체육,가로등수리좀요,4,16
건설교통,가로등 고장수리부탁요청,4,15
기타,충장동 주민자치회 주사님 칭찬합니다 ,4,15
보건복지,보육교사 선제검사,4,15
미담사례,지산동 김유리주무관님의 친절함에 너무너무 감동했습니다 ,4,15
문화경제,동구시민수당지원사업정책사업,4,14
건설교통,도로파손수리,4,14
도시건축,가로등고장,4,14
도시건축,계림동 이마트의 갑작스러운 철수로 너무 당황스럽고 피해가 막심합니다,4,14
도시건축,동명동 도시재생 뉴딜구역,4,14
건설교통,한미쇼핑사거리 근처 시 분 경 불법 주정차로 인한 교통 방해,4,14
기타,포장과가로등,4,14
건설교통,황금주차장 출입하는곳,4,13
기타,광주시민들을 위해 대기업의 횡포를 부디 막아주세요,4,13
도시건축,동광주 이마트 소상공인들의 전기요금 폭탄을 막아 주세요,4,13
건설교통,계림동 이마트 업무종료,4,13
도시건축,공동주택분쟁조정신청,4,13
건설교통,민원취하 바랍니다 ,4,13
공원체육,무등산그린웰로제비앙 기부채납지 소공원 출입금지 팻말 정비 요망,4,13
건설교통,인도 볼라드 파손 확인,4,12
공원체육,공원관리 문의 ,4,12
기타,가로등 고장 ,4,12
기타,이마트 동광주점의 전기요금 분쟁을 조정해 주시기 바랍니다 ,4,12
도시건축,계림동 이마트와 분쟁을 해결해주시기 바랍니다,4,12
미담사례,김유석선생님을 칭찬합니다 ,4,12
보건복지,전남대병원 선별진료소 운영 및 진료기준에 대한 민원,4,11
환경청소,맨홀뚜껑교체,4,11
환경청소,동구 소태길  번지 더조은 노인복지센터 앞 하수구 모기무리발생건,4,11
공원체육,선교저수지 건널목,4,11
보건복지,어르신들 등산모임,4,11
기타,소상공인의 피와눔물을 빨아먹는 동광주이마트,4,10
건설교통,후안무치 동광주이마트와 쓰러져가는 소상공인들과의 문제해결을 조속히 해결해 주시길 바랍니다,4,10
건설교통,계림동 소상인들과 이마트 동광주점의 문제를 해결 바랍니다,4,10
건설교통,계림동 이마트 동광주점과 소상인들의 분쟁을 조정해 주시기 바랍니다,4,10
도시건축,가로등정비,4,9
기타,용산생활 체육공원 문의입니다,4,9
건설교통,교통지도 공무원 박정현 주무관의 불친절과 궤변성 답변으로 피해를 입었습니다,4,9
건설교통,조속히 협의해주세요 ,4,9
건설교통,반사거울문의,4,9
건설교통,공사장먼지,4,9
기타,계림동 이마트관련 분쟁해결 및 조정요청,4,9
공원체육,번 용산지구 공원 잡초제거 관련 사진첨부와 재촉구,4,9
건설교통,화순광주방면 동구다목적체육관쪽 순환도로 끼어들기 단속,4,9
문화경제,농로길포장,4,9
도시건축,농장다리 옆건물 공사장 인도 무단점거 긴급,4,9
도시건축,동구소재 개 소상공인들을 살려 주십시요,4,8
도시건축,도시 건축시 참고해주세요,4,8
미담사례,코로나 예방을 위해서 동구청장님과 주무관님 힘써 주시기 바랍니다,4,7
보건복지,밤에는 식당 주말엔 결혼식장으로코로나 방역 구슬땀 공직자들,4,7
보건복지,산수동 이종석 주무관님을 칭찬합니다 ,4,7
미담사례,지원동 동장님직원분 감사합니다 ,4,7
건설교통,학교 공사로 인해 소음과 집에 균열이 심해요 ,4,7
기타,노출된 전선 확인 ,4,7
공원체육,용산지구 공원 봄철 잡초제거 바랍니다,4,7
건설교통,포트홀 ,4,7
건설교통,주차단속 부탁드립니다,4,7
도시건축,케이블선 전봇대 이동요청 ,4,7
기타,체육센터 주차장 ㅡㅡ,4,7
건설교통,차라리 도로를 막아주세요 ,4,6
건설교통,불법주정차,4,6
도시건축,공동주택 공용관 누수 관련,4,4
도시건축,처마 물받이를 설치를 하도록 지도해주세요,4,4
도시건축,가로등 교체및 고자수리,4,3
건설교통,가로등 고장수리부탁요청,4,3
기타,코로나예방접종안내,4,3
도시건축,질의 양수금 처리 기준,4,3
기타,소음,4,2
도시건축,홍보 ,4,2
보건복지,불량세입자집 청소요청,4,2
공원체육,잔디밭 애견출입되는곳인지,4,2
건설교통,외지인주차,4,2
기타,가로등 불빛이 안나옵니다,4,2
기타,편의점 야외테라스테이블 소음 문제,4,2
환경청소,조대주변 등하교길,4,1
공원체육,내남동 진아리채 주변 벚나무,4,1
건설교통,공용주차장동구 계림동  불친절 및 관리소홀,4,1
보건복지,동구 보건소 인바디 측정 전일 공개 요청 ,4,1
건설교통,도로파손포트홀 ,3,31
도시건축,도시가스공사 빠른 허가 부탁드립니다,3,31
건설교통,도로 파손 ,3,31
보건복지,구청장께 전달 코로나 집합금지 위반,3,31
기타,체육센터주차장 만든다고 집때려부시는소리,3,31
건설교통,계림초 등하교시 오후 등교 등덤프트럭,3,30
기타,개짓는소리에잠을못자요 ,3,30
환경청소,다른 구는 하는데 왜 동구만 못하나요 ,3,30
도시건축,가로등 불조명이 안 들어옴 ,3,30
환경청소,소태동 학소로 번길  부근 산길 청소 요청,3,30
환경청소,길고양이 사체 처리 부탁드립니다 ,3,30
건설교통,불법적치물 치워주세요,3,29
환경청소,조선대학교 치과대학병원 앞 나무 수풀 사이에 동물사체가 있어요,3,29
건설교통,도로 패임 지반 침하 우려 신속한 보수 요청 ,3,29
보건복지,쓰레기및골목길흡연,3,29
건설교통,용산지구 배수지 공사관련 불편사항 ,3,29
건설교통,일요일 밤시 도로드릴공사 ,3,28
환경청소,소태길  아이리스 앞 하수구의 역겨운 냄새 정비요청합니다 ,3,28
기타,골목에 방범설치 부탁드립니다,3,28
기타,동명로  골목길 가로등 점검 ,3,27
건설교통,예술의 거리 배수불량 ,3,27
건설교통,계림오거리 신호등 ,3,27
건설교통,동명동 이면도로 주정차 단속 ,3,27
건설교통,장원거리 신호체계 ,3,26
건설교통,불법주정차 덕분에 보행중 사고날뻔했습니다 ,3,26
기타,통장의 역할이 무엇인지요 ,3,26
보건복지,야외 마스크 미착용,3,26
환경청소,오토바이유모차 수거 의뢰,3,26
기타,소음 민원,3,26
기타,주민센터 입구에 앉아있는 분의 업무는 뭔가요,3,26
환경청소,용산지구 대성베르힐 뒷쪽 길 산기슭부터 터널안쪽 청소가 필요해요 ,3,25
기타,충장로가 알라딘서점앞 인도 바닥에 걸림물이 보해에 위험합니다,3,25
문화경제,산수거리대리점앞노점상단속해라요 ,3,25
건설교통,도로위 불법 적재물 치워주세요,3,25
건설교통,구시청 택시민원,3,25
환경청소,산수동이승철주사님을 칭찬하고싶습니다 ,3,24
기타,답변이 부족한게 있으니 청장님 면담 신청합니다 ,3,24
건설교통,민원 내용이 다른데도 민원 내용 안 읽고 대충 답변 다는 짓 그만 하시길 바라며 ,3,24
환경청소,학동지구 철거현장 분진,3,23
도시건축,내남동 복합공공도서관 건립사업 설계공모 당선작 가감점 점수 이의신청 ,3,22
건설교통,동구 장애인복지 회관,3,22
미담사례,건강정책과 곽정민 계장님을 칭찬합니다 ,3,22
건설교통,사고예방을 위한 반사경 설치 건의,3,22
건설교통,동명동 대표문화마을 불법주차문제서석교회정문 포함 ,3,22
건설교통,신호등 ,3,22
보건복지,금연스티커 부착바랍니다 ,3,20
도시건축,적정한 표현 요망,3,20
건설교통,소수주택자의 주차문제 해결을 간곡히 요청합니다,3,20
보건복지,동명동 주점 직원 마스크 미착용,3,20
건설교통,아파트 정문앞 신호등 고장확인요망 ,3,20
건설교통,단속하셨다면서요 사고 날뻔했어요 ㅠㅠ,3,19
환경청소,소음,3,19
건설교통,내남진아리채 옆 고가 소음 및 쓰레기문제 ,3,19
건설교통,계림동 그랜드센트럴 아파트 주변 주차단속 강화 부탁드리며 주변 운영시간 늘려 줄것을 요청드립니다 ,3,19
보건복지,기독교 대안학교 관련 모임,3,18
도시건축,상가 앞 조망권 침해,3,18
환경청소,소음이 하루종일 너무 심해요,3,18
건설교통,불법노점상 단속부탁드립니다,3,18
기타,구청장님에게 바란다 했더니 무슨 하수계가 답변을 주십니까,3,18
환경청소,불법 쓰레기차 주차로 인한 악취저번에 민원 처리 했다 했는데,3,18
건설교통,인도 함몰,3,18
기타,구청장님에게 바랍니다,3,17
환경청소,음식물쓰레기 배출용 스티커 문의,3,17
건설교통,주정차금지구역 맞나요 ,3,17
도시건축,학동구역재개발로 인한 피해,3,17
보건복지,마스크착용 ,3,17
환경청소,산책로에 있는 나무 전지작업 언제 해줍니까,3,16
기타,시위로 인한 소음 신고합니다 ,3,16
건설교통,율곡초교 두암그린파크 과속방지턱,3,16
도시건축,입주자대표회의 안건,3,16
환경청소,주택가 음식물 쓰레기 처리방법,3,16
도시건축,학동 구역재개발로인한 손해,3,16
보건복지,출산과 육아,3,16
환경청소,주택가에서 닭을 키우는 행위,3,16
건설교통,공사로 인한 불편점,3,16
건설교통,주정차문제 ,3,16
건설교통,차선 변경 요청합니다,3,16
도시건축,학동구역 재개발지역 문제점,3,16
건설교통,불법 주정차 단속,3,15
건설교통,절에 회수 않은 태극기가 아직도 ,3,15
환경청소,금남로  건물옆 건설 공사 현장 먼지가 너무 많아 불편합니다 한번더 요청합니다 ,3,15
건설교통,보안등 수리요청,3,14
기타,불법주차단속해주세요,3,14
보건복지,산수거리노점상단속확실히단속해주세요시넘어서 ,3,14
건설교통,건설과 조명관리계 고대영 선생님 칭찬합니다 ,3,14
공원체육,지속적인 청소와 관리를 부탁드립니다 ,3,13
공원체육,동구국민체육센타 황당한 행정 개선요망,3,13
건설교통,계림동 그랜드센트럴 상가 앞 인도 안전휀스 훼손도난되어있는 곳 도대체 언제 복구 되나요 ,3,12
도시건축,무등산광신프로그레스 상가 준공,3,12
건설교통,월남동 버스종점 이전,3,12
건설교통,도로패임 보수 ,3,12
기타,계림동 주민입니다,3,12
건설교통,계림동행정복지센터에서 계림신협방향 버스정류장있는데도 불구하고 불법주정차땜에 버스 타기 너무 불편하고 짜증나요 ,3,12
건설교통,동구 운행하는 남구버스가 들어오면 쫍아요,3,12
환경청소,공사 잔해물 처리 부탁드려요 ,3,11
환경청소,공공공지 청소 및 예초 바랍니다,3,11
환경청소,지원동 재활용 분리수거함 설치 요청 ,3,10
건설교통,도로 패임 해결해주세요 ,3,10
기타,구청장님 그리고 충장동직원분께 감사합니다 ,3,10
기타,영업외 장소 진열대 배치,3,10
기타,영업외 장소 진열대 배치,3,10
도시건축,공사소음때문에,3,10
환경청소,환경 미화 차량 소음 및 불편 개선 요청 신고,3,10
환경청소,쓰레기 트럭 불법주차,3,9
건설교통,월남동 버스종점 차고지 이전문제요 ,3,9
환경청소,종량제봉투,3,9
도시건축,근대문화유산 등록을 검토해주세요,3,9
공원체육,자전거 거치대 바꿔주세요,3,9
환경청소,동명동 술집 흡연구역 의무화 및 식당 집진기 설치 의무화 요청,3,8
건설교통,안전한 신호등 설치를 부탁드립니다 ,3,8
도시건축,주차장 옆집건물,3,8
기타,행인의 비 양심적인 행동 ,3,8
도시건축,동구 금동 오펠리움 공사 현장의 안전관리 불량,3,8
도시건축,동구 금동 오펠리움 공사 현장의 불법건축물 신고,3,8
환경청소,동구 금동 오펠리움 공사 현장의 위해위험 물질 관리 불량,3,8
환경청소,동구 금동 오펠리움 공사 현장의 환경 관리 엉망,3,8
도시건축,동구 금동 오펠리움 공사 현장의 소음 문제 심각,3,8
도시건축,동구 금동 오펠리움 공사 업체 선정 및 담당자 절차 준수여부 감사 요청,3,8
기타,청장님 면담을 주선해주세요,3,7
보건복지,동구체육센터 방역강화,3,7
도시건축,불법현수막 재설치건,3,6
보건복지,방역수칙위반 업장 신고,3,5
기타,강아지 소음 민원,3,5
건설교통,금호장례식장에서 좌회전할때 도로패임 심각 ,3,5
건설교통,확인 사항입니다,3,5
도시건축,그렌드센트럴입주민입니다,3,4
환경청소,이엠 활성액,3,4
환경청소,버려진 전동차 수거 부탁드립니다,3,3
건설교통,보행불편신고 ,3,3
기타,관등성명이나 좀 대고 근무하시길 바랍니다 ,3,3
건설교통,가로등 ,3,3
기타,마스크미착용신고 ,3,2
도시건축,재건축아파트민원 ,3,2
건설교통,포트홀로 인한 도로정비 필요 ,3,2
보건복지,인 이상 집합금지인데,3,2
보건복지,사람이 죽어가요 ,3,2
건설교통,도로정비 ,3,2
건설교통,일몰제 관련 도로 개설 요청,3,2
건설교통,불법주정차위반에관한문의 ,3,2
건설교통,주남마을쪽앞도로 ,3,1
환경청소,도로정비후정리,3,1
건설교통,어린이집 골목 입구 과속방지턱 설치 요청,3,1
건설교통,불법주정차,2,28
도시건축,계림동 주민센터 예정지,2,28
보건복지,위생 점검해주세요,2,27
건설교통,가로등코장 ,2,27
건설교통,재차 확인 요청합니다,2,27
기타,소음 방지및 야외 영업 금지요청,2,27
건설교통,중앙도서관앞주정차위반,2,26
환경청소,보안등교체,2,26
환경청소,보안등 교체,2,26
환경청소,동구청 앞 동구종로약국 보도블럭 빠짐,2,26
건설교통,당산나무 골목 청결에 감사합니다 ,2,26
건설교통,엔씨웨이브 앞 택시 진로방해,2,26
건설교통,불법인가요건너기무서워요,2,26
건설교통,가로등고장 ,2,25
보건복지,코로나 걸려도 상관이 없는지 보건소 전화는 모두 불통이다 ,2,25
기타,본관현관 ,2,24
환경청소,배수로정비,2,24
건설교통,어린이보호구역내 불법주차,2,24
미담사례,칭찬사례지적재조사계 김윤호 주무관 칭찬 ,2,24
건설교통,포크레인 소리 너무 시끄럽습니다,2,24
건설교통,위험한 도로를 봐주세요 ,2,23
건설교통,어두운 동네 골목길,2,23
보건복지,충장로 꼬냥이카페 방임학대,2,23
도시건축,공평한 행정처분을 원합니다,2,23
환경청소,금남로  건물옆 건설 공사 현장 먼지가 너무 많아 불편합니다,2,23
기타,동구청장님께 ,2,23
공원체육,무등산 원효사 주차장 ,2,23
건설교통,도심주차장을 왜 일부 체육시설 이용자들이 통제하는지,2,23
도시건축,부당민원 반대,2,23
건설교통,잠자고 있는 가로등 ,2,23
기타,노상주차장 개인 점유,2,22
공원체육,무등산 등산로,2,22
환경청소,학동  에서  으로 가는길에 쓰레기 방치가 수개월이상 되었네요,2,22
환경청소,광주천산책로 ,2,22
기타,공용주차장 캠핑카 카라반 주차,2,22
기타,소음 방지및 야외 영업 금지요청,2,21
도시건축,불법현수막 재설치건,2,20
건설교통,도로 불법적치물 방치 및 동구청 직원 근무 태만,2,19
건설교통,전주철거요청,2,19
건설교통,두산차와 차 사이 신설도로 인도에 어린이보호용 가드 설치바랍니다,2,19
환경청소,폐가전 문의,2,19
도시건축,원룸 리모델링 공사 말도없이 시작하네요,2,19
건설교통,동구청은 주정차 위반 단속안해요 ,2,19
보건복지,전과자가 주민자치위원장이라면 ,2,18
건설교통,동구 불법주정차,2,18
환경청소,웰빙건강랜드사우나,2,18
환경청소,웰빙건강랜드사우나,2,18
도시건축,급공동주택 안건 처리 시정,2,17
공원체육,운동기구 수선 ,2,17
건설교통,아문광장분수대를 회전교차로로변경 ,2,17
건설교통,홍림교배고픈다리근처 장보고싶은마트 노상적치물건,2,16
건설교통,가로등 불이 안들어와요 ,2,15
기타,지산동행정복지센터민원창구업무능력에 감탄합니다 ,2,15
환경청소,제안투병페트병 재활용율을 높이는 사례 ,2,15
환경청소,건설현장에서 나오는 소음과 먼지,2,15
도시건축,계림동 그랜드센트럴 상가 앞 인도 안전 휀스 훼손도난 빠른 보수 요청합니다,2,15
미담사례,두 아주머니를 칭찬합니다 ,2,15
환경청소,소음 공해를 유발한대형 도로 청소차 중지하길,2,15
건설교통,가로등 수선 요청,2,14
기타,전망대 까페관련 민원이 폭주합니다,2,13
건설교통,계림동 홈플러스 출구방향 불법적치물로 인한 교통혼잡,2,10
공원체육,운동시설 바닥 정리에 감사합니다 ,2,10
건설교통,두산차와 차 사이 신설도로 인도에 어린이보호용 가드 설치바랍니다,2,10
건설교통,나무전 거리에서 계림 오거리방향 신호체게 개선 필요합니다 ,2,10
건설교통,사고 조심지역 안내 필요 ,2,10
환경청소,쓰레기,2,9
건설교통,장원거리 신호등 ,2,9
환경청소,대인동 고운하이츠 오피스텔 옆 건물 환경지도타는 냄새 화재방지 분진 부탁드립니다 ,2,8
건설교통,도로보수요청,2,8
환경청소,공영주차장쓰레기,2,8
환경청소,가로등불이 안들어와요,2,7
건설교통,반사거울부탁드려요,2,7
미담사례,빛고을신문이 알뜰해 졌어요 ,2,7
건설교통,가로등 수리부탁드립니다 ,2,7
건설교통,공터에 버려진 차를 치워주세요,2,6
환경청소,제보합니다,2,6
도시건축,가로등 수리 차례 접수했는데 개선이 안되네요,2,5
건설교통,도로 위험해요,2,5
건설교통,광주광역시 동구청 건설과 하수계 민원 ,2,5
건설교통,동계천 노상주차장 불편사항에 대한 황당한 답변,2,5
건설교통,사거리 코너 전봇대 이동 또는 제거요청 ,2,4
도시건축,광주학생문화예술지원센터 건립공사 관련 민원제기,2,4
공원체육,수변공원 운동기구 바닥 ,2,4
도시건축,가로등이 안켜져요 ,2,3
보건복지,부탁드립니다도와주세요,2,3
건설교통,경찰야간근무업무태만 ,2,3
환경청소,꽃농원 에서 무언가 태우는 매케한 냄새때문에 ,2,2
기타,천변 다리밑 불피우는것제지 요청 ,2,2
건설교통,동계천 노상주차장 이용시 불편사항 ,2,2
도시건축,회의결과 공개이행 ,2,2
도시건축,광주천 산책로 복구 요청드려요 ,2,1
공원체육,성인게임장 단속 좀 해주세요,2,1
도시건축,시정촉구에 따른 선관위 이행 확인,1,31
건설교통,도로 포장 관련 민원입니다 ,1,31
건설교통,도로 파임 제보 ,1,29
환경청소,내남지구 쓰레기 불법투기,1,29
건설교통,주차 문제가 있습니다,1,28
환경청소,노벨상을 못받는 이유 ,1,28
환경청소,노점상 단속 요청합니다,1,28
기타,빛고을신문 ,1,28
건설교통,보안등 교체 ,1,27
건설교통,도로파손 보수 건의,1,27
문화경제,중앙도서관 공사관련 부탁 ,1,27
건설교통,도로부지 전주로 통행불편 및 안전사고 예방 관련 ,1,27
기타,누수로 인한 조치 요청,1,27
건설교통,원인을 알 수 없는데 도로에 물이 샙니다 ,1,27
건설교통,심각한 포트홀,1,26
기타,서석초 닭 울음소리 밤마다 시끄럽습니다,1,26
건설교통,어린이보호구역 지정 및 신호위반과속단속카메라 설치 바랍니다 ,1,26
도시건축,민원해결 내용 공유,1,26
공원체육,등산로 고쳐주세요,1,25
건설교통,장애인 주차 불법,1,25
환경청소,쓰레기 개판 청소 주일에 한번은 합시다,1,25
건설교통,포트홀 위험합니다 ,1,25
환경청소,하수구 악취 해결 부탁드립니다,1,25
환경청소,빈집철거 ,1,25
건설교통,유명무실한 일방통행로 ,1,25
건설교통,불법주정차 때문에 집에를 못들어갑니다,1,25
도시건축,선관위의 해촉사유,1,23
건설교통,근절되지 않는 불법주정차 ,1,23
건설교통,의재로 홀짝제 전자간판 고장 ,1,23
건설교통,광주광역시 동구청 건설과 하수계 민원 ,1,23
도시건축,전주 철거요청 ,1,22
공원체육,운림골농원앞 광산이씨제각 위협적인 개 처리요청 ,1,22
환경청소,주택가 쓰레기 등 수거일 제한 개선 요구,1,22
건설교통,불법주정차관련,1,22
환경청소,동구생긴이래최고치적감사합니다 ,1,21
환경청소,두 분의 할머니를 칭찬합니다 ,1,21
환경청소,산책로에 있는 나무 교체나 가지치기좀 해주십시요,1,21
기타,왜 공유버튼이 안보일까요,1,21
건설교통,끼어들기 단속 좀 부탁드립니다 ,1,21
도시건축,지하주차장 보수 시급합니다,1,21
건설교통,신호체계 개선및 불번주정차단속,1,20
건설교통,광주화순간 구도로에 아파트공사현장에서 흙탕물이 도로에 흘러감,1,20
건설교통,불법주정차 때문에 매우 불편함을 호소합니다,1,20
환경청소,동구 계림동 이마트 푸른길 불법쓰레기투척 감시용 ,1,19
공원체육,호랑가시나무를 살려 주세요 ,1,19
건설교통,학운동 행정복지센터,1,19
건설교통,빠른 개통을 요청합니다,1,19
미담사례,미래교육과 송진희 선생님을 칭찬합니다 ,1,19
건설교통,광주광역시 동구청 건설과 하수계 민원 ,1,19
환경청소,쓰레기 불법투기관련 문의,1,18
건설교통,동명동 코발트 인근 도로 불법주차,1,18
문화경제,생각없는 동명동 도로개선사업 보여주기식 도시재생 ,1,18
환경청소,동명로 가로수 가지치기 문의합니다,1,18
건설교통,비올때 배수,1,18
환경청소,미세먼지신호등 설치 건의,1,18
건설교통,지산동주택조합 이중계약 피해자입니다,1,18
도시건축,동구 금동 오피스텔 건축으로 인한 단층주택 피해,1,18
도시건축,지산동 담벼락 허물어졌어요,1,18
건설교통,도로파손 급 보수요망,1,18
건설교통,도로배수공사요청,1,18
환경청소,쓰레기불법투기 처리좀 부탁드립니다,1,18
미담사례,제설작업 감사드립니다 ,1,18
건설교통,무분별한 주정차 ,1,16
건설교통,차량진출입시 수벽으로 인한 장애 일부조정안,1,16
도시건축,두산차 흙파기 공사로 지반이 침하되 도로가 갈라지고 건물에 균열이 생겨도 두산은 모른체 합니다,1,15
건설교통,노상 적치물로 인한 통행불편 민원,1,15
건설교통,하수구함몰과 도로 파임,1,15
도시건축,불법건축 신고시,1,15
보건복지,동구보건소 감염병대응 문영성 계장님이하 동구 보건소 직원들을 칭찬합니다 ,1,14
건설교통,공사장과 흙도로,1,14
건설교통,하수계에서 작업 하셨나요 ,1,14
건설교통,천변 화장실이 얼었어요 고쳐주세요 ,1,14
건설교통,도로 파임 제보,1,14
기타,아파트 관리사무소 업무와 관련하여 문의드립니다,1,13
환경청소,도로청소가 전혀 안되고 있고 미화요원을 볼수가 없습니다 ,1,13
도시건축,대수선 구조변경 문의,1,13
건설교통,다시 제보합니다 좌회전하면서 도로안전망환경으로 사고위험,1,13
환경청소,조대병원정류장전대병원방면 환경정리 부탁드립니다,1,12
건설교통,안전을 위해 버스정류장을 이동해주세요 ,1,12
환경청소,도로쪽 하수구가 막혀 배출이 않됩니다,1,12
도시건축,광신건설의 어이없는 답변,1,12
환경청소,가로등 전구 교체 의뢰,1,11
환경청소,생활쓰레기 집앞 무단투기,1,11
환경청소,보일러 교체 지원 사업 추진,1,10
건설교통,신호등방항이 틀어졌어요 ,1,10
건설교통,동명동 제설작업 ,1,10
환경청소,쓰레기가 인도를 막아요,1,10
기타,가로등 설치 부탁드립니다,1,10
도시건축,동별 준공검사시 지하주차장 방수 상태는 확인하셨나요,1,9
도시건축,지하주자창 천장 뚫지마세요,1,9
건설교통,조속히 지하주차장 방수공사 다시 철저히 하도록 지시 감독해주십시요,1,9
환경청소,광주천 수질문제 ,1,9
기타,악취로 힘듭니다,1,8
도시건축,동구 오피스텔 건축으로 인한 단층주택 붕괴,1,8
기타,년 주정차위반과태료 청구서가 년째,1,8
건설교통,원룸 주차장 월주차 문제 ,1,7
기타,동구 관내 제설함 위치 문의드립니다,1,7
건설교통,광주와 화순을 잇는 경전철에 대해서 ,1,7
건설교통,제설작업,1,7
도시건축,건축물 대수선 허가 문의,1,7
건설교통,소태역환승주차장 골목길 출입구 언덕 제설작업 요청드립니다,1,7
보건복지,복지카드,1,7
환경청소,정보통신법 위반,1,7
건설교통,주차 단속 ,1,6
환경청소,동구 청소대행업체 신규사원공개채용하라,1,6
건설교통,광주에서 화순가는 구너릿재신너릿재 제설작업 ,1,6
건설교통,화순으로 연결되는 경전철사업에 너릿재역 꼭 부탁드립니다 ,1,6
건설교통,지하철관련질문 ,1,6
환경청소,보기에흉합니다,1,6
보건복지,코로나 인집합 ,1,6
건설교통,불법주차,1,6
환경청소,마스크 안쓰는 업장 단속안하나요,1,5
건설교통,동적골 재설작업,1,5
건설교통,골목 차량 진입문제,1,5
건설교통,지원동 행정복지센터 전기차충전소,1,5
보건복지,방역지침 차별에 대한 답변을 이해할 수 없습니다,1,5
문화경제,코로나 식당및카페 방역지침 차이 이유,1,4
환경청소,불냄새가 심하게 나요 ,1,4
기타,너무불쾌합니다 ,1,4
기타,코로나  브런치카페 운영,1,3
기타,동의 없는  설치 때문에 초상권 사생활 침해가 됩니다 번째 ,1,2
도시건축,처마 물받이를 설치요청했으나,1,1
건설교통,장기방치차량 ,12,31
건설교통,지산휴먼시아 오르막길 제설작업,12,31
환경청소,산수동제설작업 ,12,31
환경청소,폐기물 무단투기 처리요청,12,30
보건복지,꿈자람카드,12,30
건설교통,신너릿재터널 제설작업,12,30
건설교통,재설작업 부탁드려요,12,30
건설교통,제설작업 좀 하세요,12,30
환경청소,동구 금동 골목길 메탄까스 냄새,12,30
건설교통,광주광역시 동구청 건설과 하수계 민원 번째,12,30
도시건축,빛공해 아파트전면부에 새로생긴 건물 간판으로 인해서 고통을 받고있습니다,12,30
기타, 작성한 번 언제 답변 주시나요,12,29
미담사례, 동구 청년참여위원회 활동을 돌아보며 ,12,29
기타, 때문에 사생활 초상권 침해가 됩니다 ,12,29
환경청소,가로수 낙엽아직도개선이 안되고년월 이후 ,12,29
도시건축,골목길 입구 방범등이 필요해요,12,29
건설교통,맨홀 뚜겅 조치,12,29
도시건축,산수동 사랑채관련 피해가 있습니다,12,29
도시건축,광신건설사의 불법인 분양대금착취 ,12,28
도시건축,광신건설이 년동안 지하주차장 하자보수공사 하지않은 이유 ,12,28
건설교통,주민 산책로인 구와산의 무성한 산림을 파헤치고 아파트 허가가 웬말인가,12,28
건설교통,버스승강장버스노선훼손,12,28
환경청소,광주는 단속 안합니까 술집 오후 시 이후 영업,12,27
환경청소,무분별 소각에따른 생활피해 ,12,27
건설교통,맨홀주변도로꺼짐,12,27
환경청소,청결 사업 확대,12,26
보건복지,장애인 주차 불법,12,26
건설교통,겨울철 도로결빙 걱정,12,25
기타,당산나무 회복에 함께 해주셔서 감사합니다 ,12,25
도시건축,시정 지시란,12,24
건설교통,동구벤처빌딩 옆에 있는 ,12,24
환경청소,자동차 소음 공회전 신고,12,24
건설교통,건설 도로보수 민원,12,24
건설교통,동구는 안 그럴 거라 생각합니다 ,12,23
기타,소방도로문제때문에,12,23
도시건축,입주민 안전은 전혀 생각하지않는 광신건설사,12,23
도시건축,가로등교체,12,22
보건복지,코로나 조기 극복을 위해 힘을 합해야 합니다,12,22
건설교통,지원동 행정복지센터 전기차충전소,12,22
건설교통,견인조치바랍니다,12,22
환경청소,소음,12,22
건설교통,학운동 행정복지센터 전기차 충전소,12,21
보건복지,육아종합지원센터 행복한 아빠교실 오 ,12,20
건설교통,도로 반사경 설치,12,20
도시건축,계림동 그랜드마트 인도 통행방해 불법 점유물 철거 요청드립니다,12,20
공원체육,푸른길,12,19
문화경제,미로센터에서는 공연이 가능한가요,12,19
건설교통,간판,12,19
건설교통,푸른길의 안전과 쾌적함을 지켜주세요,12,19
건설교통,불법 광고물 정ㅂㄴ,12,19
건설교통,월남동 버스종점 이전관련,12,19
환경청소,주택가 쓰레기 배출,12,18
문화경제,온누리 상품권,12,18
건설교통,무분별한 불법주정차,12,18
건설교통,불법적치물 ,12,18
미담사례,동구육아종합지원센터 최고예요 ,12,18
도시건축,수기동 공사관련 피해,12,18
건설교통,어린이보호구역주차,12,18
건설교통,전기차충전소,12,18
기타,동구청장님께,12,17
보건복지,ㅇ,12,17
보건복지,제발안오게해주세요,12,17
도시건축,소송은 언제 끝나는것입니까,12,17
보건복지,동구청장님께,12,17
도시건축, 동구평생학습센터 민원 추가 사진첨부,12,17
환경청소,비둘기 먹이주는 주차장,12,17
기타,동명동 주차문제해결을 위한 빠른대책요망,12,16
도시건축,학동구역재개발,12,16
기타,년 월로 하수관로가 터져 상가 피해관련,12,16
도시건축,수기동 인접건물 공사관련 피해,12,16
문화경제,동명동 문화거리,12,15
건설교통,산수동 그린웰로제비앙 앞 회전로타리,12,15
건설교통,가로등,12,15
도시건축,사유지 침해 및 공동담 훼손으로 고발 합니다,12,14
건설교통,주차단속,12,14
도시건축,남계교 변경,12,14
건설교통,계림동 홈플 앞 노점야채,12,14
건설교통,동구 평생학습센터 소음발생,12,14
문화경제,학동에 작은도서관과 공원놀이터쉼터 설치필요,12,14
도시건축,언제까지 기다려야 하나요 건축허가계에서는 답변주세요,12,13
건설교통,전기차 충전소 추가 설치  학동 행정복지센터가 이전한 뒤로 없어져서 매우 불편합니다,12,13
보건복지,동명동 걱정이 됩니다 ,12,13
기타,산수동 불법장애인스티커 발급,12,13
도시건축,추가 서류입니다,12,13
환경청소,아침에 청소하시는 어르신들 문제,12,12
보건복지,분식집 직원 마스크 미착용,12,12
건설교통,횡단보도 설치문의 ,12,12
도시건축,방화지구 해제 및 등기상 토지 확보 ,12,12
도시건축,빠른 답변을 해주세요,12,12
건설교통,불법주정차 신고,12,11
건설교통,금호장례식장에서 유턴시 길합병나무와 건물로 위험,12,11
도시건축,집앞 흡연금지관리필요화재위험,12,11
환경청소,단사공원에서 허심정 구간에 방치된 쓰레기청소를 부탁드립니다,12,11
기타,계림동홈플러스앞노점야채,12,11
건설교통,이면도로 단속좀 합시다,12,11
보건복지,동명동 맛집거리는 다른세상인가요 ,12,11
보건복지,거리두기 상향조정 중 조선대학교 대면시험 관련 ,12,10
보건복지,거리두기 상향조정 중 조선대학교 대면시험 관련 ,12,10
환경청소,소음,12,9
환경청소,소음,12,9
건설교통,청원서,12,9
건설교통,지원동행정복지센터 입구도로 ,12,9
건설교통,인도보행자와 차도의 구분턱 설치 부탁드림니다,12,9
도시건축,동구청의 책임있는 행정부탁드립니다,12,9
건설교통,장기주차차량 신고합니다 ,12,9
공원체육,동구 청소년 수련관 운영문제,12,9
건설교통,불법주차 ,12,8
보건복지,사회적거리두기인데 사회복지시설에서 음식섭취가 가능한가요,12,8
도시건축,건축과의 제대로된 일처리 부탁합니다 ,12,8
건설교통,코발트 앞 삼거리 포장 공사 언제쯤 끝나나요,12,8
도시건축,제대로된 답변좀 부탁드립니다 ,12,8
도시건축,이승석 주무관님 제대로된 답변부탁드립니다,12,8
환경청소,동명동 서석교회옆 재활용품 분리수거 및 배출시간 홍보부탁드립니다,12,7
환경청소,쓰레기 불법투기 방지를 위한 제안,12,7
환경청소,불볍 현수막 수거 부탁드립니다,12,7
건설교통,버스기사님들 안전운행 교육 강력하게 부탁드립니다,12,7
기타,남광주역 불법노점상,12,7
미담사례,살레시오여자중고등학교 담길이 아름답습니다 ,12,7
환경청소,미미원 옆 골목으로 차량 진입이 어렵습니다 ,12,7
건설교통,불법주정차 단속 부탁드립니다,12,7
건설교통,건설과 하수계 민원  답변 안 하십니까,12,7
도시건축,아파트선거관리위원회,12,7
도시건축,도와주세요,12,7
도시건축,고성이 오가는 아파트 선거관리 위원회,12,7
도시건축,피난계단공사하다 엘리베이터가 멈추면요,12,7
도시건축,코로나도 무섭지만 더 무서운게 있어요도와주세요,12,7
도시건축,주민의 고통을 외면하는 동구청 ,12,6
환경청소,주택가 생활소음 관련입니다,12,6
도시건축,동구청장님 및 동구청 직원분들께 감사드립니다 ,12,6
도시건축,안전하게 도와주세요,12,5
도시건축,주말에도 아침공사 진행하는,12,5
도시건축,아파트 선거관리위원회 모집 선출방법 공정하지못합니다,12,5
건설교통,신호등 설치 부탁드립니다 ,12,4
건설교통,계림동홈플앞노점야채,12,4
기타,화재대피용 방연마스크 공공기관 비치 협조 의뢰 건,12,4
도시건축,이 시기에 피난계단공사 말도 안됩니다,12,4
건설교통,주정차단속 민원 접수및 푸른길 노점상단속,12,3
건설교통,거주자 주차공간 마련바랍니다,12,3
건설교통,도로 통행에 지장이 많습니다 ,12,3
문화경제,충장축제관련하여취소인줄 알았는데,12,3
건설교통,보행자의 안전을 지켜주세요,12,3
기타,장마피해로 민원을 넜었습니다해결이 안되내요 ,12,3
건설교통,내남동 남계교,12,3
환경청소,하수관 덮개 문의드립니다,12,3
건설교통,동구 남계교,12,3
건설교통,가로등,12,3
건설교통,아이들의 안전을 지켜주세요,12,3
미담사례,위생과 직원분께 감사드립니다 ,12,2
건설교통,가로등,12,2
환경청소,주택가 소음 ,12,2
건설교통,주차 공간 부족,12,2
보건복지,일반음식점 위생교육,12,2
건설교통,인도와 차도의 구분턱경계석 설치 부탁합니다,12,2
환경청소,인도에 불법 적치된 가전제품 ,12,2
건설교통,인도턱높이조정,12,2
건설교통,건설과 하수계 민원 ,12,2
환경청소,거주구역 주변 소음 관련입니다,12,1
건설교통,주차 공간 아닌곳 안전봉 설치 건의,12,1
환경청소,노인일자리 건의 합니다,12,1
건설교통,도로 정비 부탁드립니다,12,1
도시건축,학구역 비산오염 ,12,1
도시건축,학구역 ㅍㅣ피해는 누가책임지나요 ,12,1
도시건축,학구역철거와 ,12,1
건설교통,학구역과구청의무모함 ,12,1
도시건축,학구역 정도프라자,12,1
환경청소,청소부탁드립니다 ,12,1
건설교통,남광주시장 옆 천변도로 출근시간 단속요망,12,1
건설교통,도로 건의합니다,11,30
환경청소,불법적치물 처리 ,11,30
건설교통,견인부탁합니다,11,30
환경청소,일반쓰레기 수거 차량의 도로 통행 방해 및 운전기사 행위에 대한 해명 요청 건,11,30
도시건축,피난계단공사 안전대책과 여러가지책임,11,30
환경청소,남광주 시장 내 공중화장실에 ,11,29
보건복지,장애인 주차 불법,11,29
건설교통,금남로 가 사거리 한국시티은행쪽 도로위 맨홀 뚜껑을 고정시켜 소음 발생을 방지 해주십시오을 요청합니다 ,11,29
도시건축,광신건설 피난계단공사,11,28
도시건축,학동구역,11,28
기타,지적과 참 큰일 날 사람들이네요,11,28
도시건축,학동구역 미이주세대,11,28
건설교통,학재개발,11,28
기타,푸른길두산위브 창고 임의사용,11,28
기타,용산체육공원 마스크 미착용자,11,28
보건복지,장애인주차앞 불법주차 통행방해,11,28
공원체육,산수동 푸른길공원 노점 단속 해주십시오,11,27
도시건축,안전스티커 건의합니다,11,27
공원체육,킥테니스는 대한민국의 자랑스러운 스포츠 문화 콘텐츠입니다,11,27
건설교통,건설과 하수계 민원 건 ,11,27
환경청소,왜 도로 청소를 하다가 그냥 가버립니까,11,27
기타,저번 민원에 이어서 말씀 드립니다,11,27
건설교통,출입이 자유르워져 좋습니다 ,11,27
환경청소,광주동구 지산동 번지 민원 해결 안營윱求,11,27
도시건축,건물신축으로 고통받고 있습니다,11,26
건설교통,,11,26
건설교통,개념없는 주차,11,26
보건복지,코로나 마스크 의무착용 검사,11,26
건설교통,불법주정차,11,26
기타,신고합니다 ,11,26
건설교통,방지턱이 필요합니다,11,25
건설교통,학운동 성당 건널목 신호등 설치 시급합니다 ,11,25
공원체육,운동기구 보수가 필요합니다,11,25
도시건축,가로등 불이 나갔어요,11,25
환경청소,폭우로인한 흙물피해로 도로변청소시급과 축대무너진 옆쪽도 예방공사 필요,11,25
건설교통,서남로 사거리 횡단보도 문제 ,11,25
기타,계림홈플앞,11,25
건설교통,가로등고장,11,25
건설교통,가로등고장,11,25
건설교통,출퇴근길 남광주시장 천변우로 불법 주정차 때문에 죽겠네요 ,11,24
도시건축,흡연 및 담배꽁초로 화재위험과 냄새노상방뇨 ,11,24
건설교통,업무 담당 부재에 따른 사실 확인 등 불편,11,24
도시건축,입주민의견을 무시하는 광신건설사,11,23
환경청소,보안등 보수요청,11,23
도시건축,광신건설사,11,23
환경청소,충장로 노리존 생활소음 신고합니다,11,23
건설교통,불법주정차입니다,11,23
건설교통,불법주정차,11,23
기타,살레시오여자고등학교 소음,11,23
건설교통,불법주정차신고,11,22
도시건축,피난계단공사 전에 지하주차장 하자보수가 먼저입니다,11,22
건설교통,방지턱이 필요합니다 ,11,21
환경청소,생활환경 관련입니다,11,21
건설교통,어린이보호구역 주정차,11,20
도시건축,동구청은 광신건설의 패악질의 선을 넘어선 만행은 동구청의 책임입니다,11,20
건설교통,신호등 설치해주세요 ,11,20
건설교통,주정차 위반,11,20
건설교통,주정차 위반,11,20
도시건축,화단에 물찬다고 구멍만 뚫어놓으면,11,20
도시건축,지대가 기울어진곳이면 건물 입구 계단도 기울어지게 시공,11,20
환경청소,동구청 및유관기관현수막의 스쿨존위협거치,11,20
도시건축,마사회 도시외곽 이전을 촉구합니다 ,11,19
건설교통,보안등교체,11,19
건설교통,남초앞 막둥이회관 길 무단주차,11,19
건설교통,대인교차로 지하보도 개선 요청,11,19
미담사례,감사합니다 ,11,19
환경청소,하수구 악취문제,11,18
환경청소,학동에 대표공동재활용분리수거함통을 배치해주세요 ,11,18
도시건축,집앞이 너무 어두워요 밤에 위험해요 ,11,18
건설교통,광주고등학교에서 좌회전 신호등 설치 여러차례 요청 ,11,18
환경청소,두암타운 옹벽 아래 단독주택내 낙엽처리 방안 강구 요청,11,18
건설교통,불법주정차,11,18
환경청소,구와산입구스타벅스옆공중화장실을 칭찬하고 싶습니다 ,11,18
건설교통,인도 보도블록 하자,11,18
미담사례,지산동 주민센터 복지관련 여자선생님 칭찬합니다 ,11,17
건설교통,전남여고 후문앞 주차장,11,17
도시건축,불법건축물신고합니다,11,17
건설교통,동구 두드림에 다시한번 두드립니다,11,17
환경청소,하수도냄새진동ㅡ그런지아주오래됨,11,17
환경청소,하수도처리,11,17
건설교통,불법 주정차,11,17
기타,소음및진동,11,17
건설교통,건설 레미콘 불법주차,11,17
환경청소,인도 통행 불가  폐기물쓰레기 방치,11,16
건설교통,보안등교체,11,16
문화경제,동구 독서 아카데미 감사합니다 ,11,16
도시건축,교회가 아닌 개인 건물의 옥상에 있는 십자가 건축물에 대해 문의 드립니다 ,11,16
건설교통,가로등이게맞나요,11,16
건설교통,인도 통행 가능토록 부탁요,11,16
건설교통,불법주차신고,11,16
도시건축,어두워서 불안하고 불편한 버스정류장을 개선 해주세요,11,16
환경청소,쓰레기수거 골목길은 안해주시나요,11,16
건설교통,끊어진 전선 및유실된 도로포장 ,11,16
도시건축,화재경보 문제에 대한 현장실사 시급합니다,11,15
환경청소,동명동 서석교회 옆 재활용 분리수거함 설치해주세요,11,15
건설교통,끊어진 전선 및유실된 도로포장 ,11,15
건설교통,가로등 전구 교체 의뢰,11,15
도시건축,불법건축물애 대한 신고,11,15
건설교통,장애인 주차 불법,11,15
기타,남광주시장 불법노점상 문제,11,15
기타,가정용 태양광 패널 지원사업 고려해주세요,11,14
건설교통,월남동 차고지 이전 진행사항,11,13
건설교통,도로 파임 제보 ,11,13
공원체육,소태동 골드클래스 옆 녹지공간 고사목 보식요청,11,13
건설교통,공사후 폐기물 처리 ,11,13
건설교통,무등육아원앞 인도 정비,11,13
환경청소,맨홀 뚜껑 파손으로 등교길 위험합니다,11,13
기타,평생학습도시로 가는 지름길 함께 나누는 책속의 감동문구 ,11,12
환경청소,자원순환분리배출 홍보 방법변경 제안 ,11,12
건설교통,차량 꼬리물기 단속요청 ,11,12
건설교통,세번째글주차 단속 안합니까,11,12
환경청소,번길 중간지점 노란집카페가 너무 시그럽습니다 ,11,12
건설교통,동구청 정문 화물연대 노조 집회관련 ,11,12
기타,슬기로운 집콕 독서 칭찬합니다 ,11,12
환경청소,소음,11,12
환경청소,푸른길 잡상인 단속,11,11
문화경제,동구문화센터 이용시간 연장 요청,11,11
환경청소,불법현수막,11,11
건설교통,불법주차 신고합니다,11,11
건설교통,불법 주정차 심각합니다,11,10
기타,가로등 교체부탁 드립니다,11,10
건설교통,두번째 글올립니다 주차단속좀 해주세요 ,11,10
건설교통,소태동 육교요,11,10
환경청소,무등산 팔각정주변 쓰레기 소각장 철거 요망 ,11,10
건설교통,전동킥보드 인도 방치,11,10
도시건축,마트의 인도 점유의 불편과 불법 가건물 철거 ,11,10
건설교통,불법주정차,11,10
도시건축,그 전 민원에 이어서 말씀 드립니다,11,9
건설교통,남광주 시장쪽 병무청앞 도로,11,9
건설교통,주차단속좀 해주시지요,11,9
도시건축,보안등 확인바랍니다,11,9
도시건축,보안등 확인바랍니다,11,9
도시건축,도로가판대 정비요망,11,9
도시건축,중앙초앞 폴리 철거또는 재보수 요청의건 ,11,9
환경청소,생활쓰레기 배출규정 위반 ,11,9
도시건축,주차장거리 맞는건가요,11,9
기타,승용차좀 치워주라고좀 해주세요 ,11,9
도시건축,빠른처리요망내부수리공사장 가림막 설치등 ,11,9
도시건축,도로 파손문제,11,8
보건복지,동구국민체육센터 주차장 운영,11,8
환경청소,현장내 소각,11,7
건설교통,내남지구차 진아리채 교차로 신호체계 개선 ,11,6
도시건축,이행강제금과 철거라니요,11,6
기타,민원처리시 불친절함에대해,11,5
도시건축,아파트 공간 불법확장 원상복구 요청,11,5
건설교통,불법주정차,11,5
문화경제,동명동 관광안내 기능강화 사업 관련자료,11,5
기타,가로등전등교체,11,5
건설교통,불법주차 때문에 출퇴근 상황,11,4
건설교통,에델바이스어린이집앞공사,11,4
환경청소,생활쓰레기 배출규정 위반,11,4
기타,산수동 주민센터,11,4
미담사례,학운동 행정복지센터 칭찬해요 ,11,4
건설교통,자동차 민원 처리 과정,11,3
건설교통,불법주정차,11,3
문화경제,스마트폰 활용법 강좌 매우 유익합니다 ,11,3
건설교통,도로맨홀,11,3
미담사례,행정복지센터 건축과 환경청소과 성의있고 책임감 있는 모습 감사함에 인사 드립니다 ,11,3
건설교통,광주역 부근 방향표시선 ,11,2
환경청소,공공 쓰레기 배출 및 분리수거 시설 설치를 기획해주십시오,11,2
기타,들개가 돌아다녀요,11,2
환경청소,인도 낙엽 청소에 관해서,11,2
건설교통,보도적치물,11,2
환경청소,전남대학교병원 응급실 앞 흡연문제,11,2
보건복지,단체 식사 후 식중독 발생,11,2
기타,남광주시장 천변 도로 점검,11,2
기타,식중독 단체 감염,11,2
건설교통,푸른길 전동킥보드 규제,11,2
환경청소,대형할인점 쇼케이스 콤프실 소음과 진동 조치,11,2
보건복지,식당 위생,11,1
